marca_temps,entity_id,estat
2026-09-20T22:42:41.640551+00:00,sensor.soterrani_fons_temperatura,unavailable
2026-09-20T22:42:42.051613+00:00,sensor.soterrani_fons_temperatura,27.0
2026-09-20T23:41:31.723884+00:00,sensor.soterrani_fons_temperatura,26.9
2026-09-21T00:14:44.771049+00:00,sensor.soterrani_fons_temperatura,unavailable
2026-09-21T00:15:06.936780+00:00,sensor.soterrani_fons_temperatura,26.9
2026-09-21T00:56:30.544076+00:00,sensor.soterrani_fons_temperatura,26.8
2026-09-21T01:34:45.948442+00:00,sensor.soterrani_fons_temperatura,unavailable
2026-09-21T01:34:53.780939+00:00,sensor.soterrani_fons_temperatura,26.8
2026-09-21T02:51:44.629527+00:00,sensor.soterrani_fons_temperatura,26.7
2026-09-21T02:56:30.668722+00:00,sensor.soterrani_fons_temperatura,26.8
2026-09-21T04:11:29.689993+00:00,sensor.soterrani_fons_temperatura,26.7
2026-09-21T07:40:35.158657+00:00,sensor.soterrani_fons_temperatura,26.4
2026-09-21T07:56:29.958148+00:00,sensor.soterrani_fons_temperatura,26.3
2026-09-21T08:11:29.936486+00:00,sensor.soterrani_fons_temperatura,26.5
2026-09-21T08:26:29.482881+00:00,sensor.soterrani_fons_temperatura,26.6
2026-09-21T08:41:29.246819+00:00,sensor.soterrani_fons_temperatura,26.2
2026-09-21T08:41:42.480912+00:00,sensor.soterrani_fons_temperatura,26.1
2026-09-21T08:56:29.018983+00:00,sensor.soterrani_fons_temperatura,26.0
2026-09-21T09:09:23.514129+00:00,sensor.soterrani_fons_temperatura,25.8
2026-09-21T09:11:31.047842+00:00,sensor.soterrani_fons_temperatura,25.9
2026-09-21T09:26:31.006003+00:00,sensor.soterrani_fons_temperatura,25.8
2026-09-21T09:41:30.310438+00:00,sensor.soterrani_fons_temperatura,25.7
2026-09-21T09:52:37.007210+00:00,sensor.soterrani_fons_temperatura,25.6
2026-09-21T10:03:24.020728+00:00,sensor.soterrani_fons_temperatura,25.9
2026-09-21T10:06:46.072288+00:00,sensor.soterrani_fons_temperatura,26.1
2026-09-21T10:08:14.062349+00:00,sensor.soterrani_fons_temperatura,26.4
2026-09-21T10:10:24.030292+00:00,sensor.soterrani_fons_temperatura,26.7
2026-09-21T10:17:28.327977+00:00,sensor.soterrani_fons_temperatura,26.9
2026-09-21T10:26:29.604133+00:00,sensor.soterrani_fons_temperatura,27.1
2026-09-21T10:27:07.047234+00:00,sensor.soterrani_fons_temperatura,27.2
2026-09-21T10:41:29.379444+00:00,sensor.soterrani_fons_temperatura,27.4
2026-09-21T10:44:36.353862+00:00,sensor.soterrani_fons_temperatura,27.5
2026-09-21T10:56:29.145612+00:00,sensor.soterrani_fons_temperatura,27.6
2026-09-21T11:03:45.090793+00:00,sensor.soterrani_fons_temperatura,27.8
2026-09-21T11:26:28.669506+00:00,sensor.soterrani_fons_temperatura,28.0
2026-09-21T11:27:32.402963+00:00,sensor.soterrani_fons_temperatura,28.1
2026-09-21T11:37:26.405487+00:00,sensor.soterrani_fons_temperatura,28.4
2026-09-21T11:54:14.142507+00:00,sensor.soterrani_fons_temperatura,28.7
2026-09-21T12:11:30.225454+00:00,sensor.soterrani_fons_temperatura,28.8
2026-09-21T12:41:29.497043+00:00,sensor.soterrani_fons_temperatura,28.7
2026-09-21T13:11:29.236013+00:00,sensor.soterrani_fons_temperatura,28.6
2026-09-21T13:24:54.231939+00:00,sensor.soterrani_fons_temperatura,28.7
2026-09-21T13:41:28.564738+00:00,sensor.soterrani_fons_temperatura,28.5
2026-09-21T13:56:28.330065+00:00,sensor.soterrani_fons_temperatura,28.6
2026-09-21T14:26:30.317695+00:00,sensor.soterrani_fons_temperatura,28.7
2026-09-21T14:26:32.368288+00:00,sensor.soterrani_fons_temperatura,28.8
2026-09-21T14:56:29.391603+00:00,sensor.soterrani_fons_temperatura,28.9
2026-09-21T15:11:29.367993+00:00,sensor.soterrani_fons_temperatura,29.0
2026-09-21T15:32:20.903576+00:00,sensor.soterrani_fons_temperatura,29.1
2026-09-21T16:11:28.432576+00:00,sensor.soterrani_fons_temperatura,29.0
2026-09-21T16:13:34.325994+00:00,sensor.soterrani_fons_temperatura,29.1
2026-09-21T16:26:29.976745+00:00,sensor.soterrani_fons_temperatura,28.9
2026-09-21T16:40:23.729287+00:00,sensor.soterrani_fons_temperatura,28.8
2026-09-21T16:41:29.748263+00:00,sensor.soterrani_fons_temperatura,28.9
2026-09-21T16:56:29.518262+00:00,sensor.soterrani_fons_temperatura,28.7
2026-09-21T17:05:19.753796+00:00,sensor.soterrani_fons_temperatura,28.5
2026-09-21T17:41:28.804363+00:00,sensor.soterrani_fons_temperatura,28.4
2026-09-21T17:56:28.568977+00:00,sensor.soterrani_fons_temperatura,28.6
2026-09-21T18:00:24.043055+00:00,sensor.soterrani_fons_temperatura,28.8
2026-09-21T18:04:26.055295+00:00,sensor.soterrani_fons_temperatura,29.1
2026-09-21T18:09:18.566425+00:00,sensor.soterrani_fons_temperatura,29.4
2026-09-21T18:26:28.108409+00:00,sensor.soterrani_fons_temperatura,29.6
2026-09-21T18:41:27.874676+00:00,sensor.soterrani_fons_temperatura,29.5
2026-09-21T18:56:27.636939+00:00,sensor.soterrani_fons_temperatura,29.6
2026-09-21T19:11:27.612211+00:00,sensor.soterrani_fons_temperatura,29.5
2026-09-21T19:26:29.161518+00:00,sensor.soterrani_fons_temperatura,29.4
2026-09-21T19:41:28.932005+00:00,sensor.soterrani_fons_temperatura,29.3
2026-09-21T19:56:28.693980+00:00,sensor.soterrani_fons_temperatura,29.4
2026-09-21T20:11:28.675936+00:00,sensor.soterrani_fons_temperatura,29.3
2026-09-21T20:22:01.940684+00:00,sensor.soterrani_fons_temperatura,29.1
2026-09-21T20:41:27.993121+00:00,sensor.soterrani_fons_temperatura,28.9
2026-09-21T20:45:47.682097+00:00,sensor.soterrani_fons_temperatura,28.8
2026-09-21T20:56:27.748358+00:00,sensor.soterrani_fons_temperatura,28.7
2026-09-21T21:07:58.686663+00:00,sensor.soterrani_fons_temperatura,28.5
2026-09-21T21:26:27.251563+00:00,sensor.soterrani_fons_temperatura,28.3
2026-09-21T21:56:24.717795+00:00,sensor.soterrani_fons_temperatura,28.2
2026-09-21T21:56:29.031450+00:00,sensor.soterrani_fons_temperatura,28.3
2026-09-21T22:11:28.799891+00:00,sensor.soterrani_fons_temperatura,28.2
2026-09-21T22:41:28.311910+00:00,sensor.soterrani_fons_temperatura,28.3
2026-09-21T23:26:27.821850+00:00,sensor.soterrani_fons_temperatura,28.2
2026-09-21T23:56:29.137567+00:00,sensor.soterrani_fons_temperatura,28.0
2026-09-22T00:06:01.120065+00:00,sensor.soterrani_fons_temperatura,27.9
2026-09-22T00:41:28.432348+00:00,sensor.soterrani_fons_temperatura,27.8
2026-09-22T01:41:27.469720+00:00,sensor.soterrani_fons_temperatura,27.7
2026-09-22T02:04:50.973627+00:00,sensor.soterrani_fons_temperatura,27.6
2026-09-22T02:11:27.002538+00:00,sensor.soterrani_fons_temperatura,27.7
2026-09-22T02:26:26.979610+00:00,sensor.soterrani_fons_temperatura,27.6
2026-09-22T02:56:28.276214+00:00,sensor.soterrani_fons_temperatura,27.5
2026-09-22T03:26:28.020084+00:00,sensor.soterrani_fons_temperatura,27.4
2026-09-22T03:41:27.572678+00:00,sensor.soterrani_fons_temperatura,27.5
2026-09-22T04:11:27.099304+00:00,sensor.soterrani_fons_temperatura,27.4
2026-09-22T04:20:39.331651+00:00,sensor.soterrani_fons_temperatura,27.3
2026-09-22T04:56:26.385086+00:00,sensor.soterrani_fons_temperatura,27.2
2026-09-22T06:11:35.040623+00:00,sensor.soterrani_fons_temperatura,27.4
2026-09-22T06:21:32.412477+00:00,sensor.soterrani_fons_temperatura,27.6
2026-09-22T06:40:30.134050+00:00,sensor.soterrani_fons_temperatura,27.9
2026-09-22T06:41:27.163486+00:00,sensor.soterrani_fons_temperatura,27.8
2026-09-22T06:56:26.714497+00:00,sensor.soterrani_fons_temperatura,28.0
2026-09-22T07:07:26.709878+00:00,sensor.soterrani_fons_temperatura,28.2
2026-09-22T07:56:30.284030+00:00,sensor.soterrani_fons_temperatura,28.1
2026-09-22T08:11:27.519032+00:00,sensor.soterrani_fons_temperatura,28.2
2026-09-22T08:26:27.293023+00:00,sensor.soterrani_fons_temperatura,28.1
2026-09-22T08:41:27.277091+00:00,sensor.soterrani_fons_temperatura,28.2
2026-09-22T09:56:25.886539+00:00,sensor.soterrani_fons_temperatura,28.3
2026-09-22T10:41:27.420078+00:00,sensor.soterrani_fons_temperatura,28.2
2026-09-22T10:46:21.231598+00:00,sensor.soterrani_fons_temperatura,28.3
2026-09-22T10:46:27.290844+00:00,sensor.soterrani_fons_temperatura,28.2
2026-09-22T10:46:39.911965+00:00,sensor.soterrani_fons_temperatura,28.1
2026-09-22T10:46:48.651119+00:00,sensor.soterrani_fons_temperatura,28.0
2026-09-22T10:47:04.370052+00:00,sensor.soterrani_fons_temperatura,27.7
2026-09-22T10:47:17.369133+00:00,sensor.soterrani_fons_temperatura,27.4
2026-09-22T10:47:28.371181+00:00,sensor.soterrani_fons_temperatura,27.1
2026-09-22T10:47:39.380494+00:00,sensor.soterrani_fons_temperatura,26.8
2026-09-22T10:47:50.370896+00:00,sensor.soterrani_fons_temperatura,26.5
2026-09-22T10:48:03.413967+00:00,sensor.soterrani_fons_temperatura,26.2
2026-09-22T10:48:14.406910+00:00,sensor.soterrani_fons_temperatura,25.9
2026-09-22T10:48:25.412188+00:00,sensor.soterrani_fons_temperatura,25.6
2026-09-22T10:48:38.659071+00:00,sensor.soterrani_fons_temperatura,25.3
2026-09-22T10:48:51.918310+00:00,sensor.soterrani_fons_temperatura,25.0
2026-09-22T10:49:06.031722+00:00,sensor.soterrani_fons_temperatura,24.7
2026-09-22T10:49:18.369239+00:00,sensor.soterrani_fons_temperatura,24.4
2026-09-22T10:49:34.682277+00:00,sensor.soterrani_fons_temperatura,24.1
2026-09-22T10:49:46.910520+00:00,sensor.soterrani_fons_temperatura,23.8
2026-09-22T10:50:02.376226+00:00,sensor.soterrani_fons_temperatura,23.5
2026-09-22T10:50:19.920074+00:00,sensor.soterrani_fons_temperatura,23.2
2026-09-22T10:50:37.412476+00:00,sensor.soterrani_fons_temperatura,22.9
2026-09-22T10:50:56.110548+00:00,sensor.soterrani_fons_temperatura,22.6
2026-09-22T10:51:12.657916+00:00,sensor.soterrani_fons_temperatura,22.3
2026-09-22T10:51:28.372435+00:00,sensor.soterrani_fons_temperatura,22.0
2026-09-22T10:51:47.914367+00:00,sensor.soterrani_fons_temperatura,21.7
2026-09-22T10:52:09.918481+00:00,sensor.soterrani_fons_temperatura,21.4
2026-09-22T10:52:29.668372+00:00,sensor.soterrani_fons_temperatura,21.1
2026-09-22T10:52:53.925713+00:00,sensor.soterrani_fons_temperatura,20.8
2026-09-22T10:53:18.388623+00:00,sensor.soterrani_fons_temperatura,20.5
2026-09-22T10:53:42.374844+00:00,sensor.soterrani_fons_temperatura,20.2
2026-09-22T10:54:13.379524+00:00,sensor.soterrani_fons_temperatura,19.9
2026-09-22T10:54:39.419596+00:00,sensor.soterrani_fons_temperatura,19.6
2026-09-22T10:55:10.376103+00:00,sensor.soterrani_fons_temperatura,19.3
2026-09-22T10:55:43.383276+00:00,sensor.soterrani_fons_temperatura,19.0
2026-09-22T10:56:16.380855+00:00,sensor.soterrani_fons_temperatura,18.7
2026-09-22T10:56:27.406312+00:00,sensor.soterrani_fons_temperatura,18.6
2026-09-22T10:56:51.387621+00:00,sensor.soterrani_fons_temperatura,18.4
2026-09-22T10:57:33.389040+00:00,sensor.soterrani_fons_temperatura,18.1
2026-09-22T10:58:10.423527+00:00,sensor.soterrani_fons_temperatura,17.8
2026-09-22T10:58:52.385480+00:00,sensor.soterrani_fons_temperatura,17.5
2026-09-22T10:59:39.429112+00:00,sensor.soterrani_fons_temperatura,17.2
2026-09-22T11:00:24.824245+00:00,sensor.soterrani_fons_temperatura,16.9
2026-09-22T11:01:15.385919+00:00,sensor.soterrani_fons_temperatura,16.6
2026-09-22T11:02:10.383491+00:00,sensor.soterrani_fons_temperatura,16.3
2026-09-22T11:03:00.922542+00:00,sensor.soterrani_fons_temperatura,16.0
2026-09-22T11:03:58.393881+00:00,sensor.soterrani_fons_temperatura,15.7
2026-09-22T11:04:57.437380+00:00,sensor.soterrani_fons_temperatura,15.4
2026-09-22T11:05:59.393625+00:00,sensor.soterrani_fons_temperatura,15.1
2026-09-22T11:07:00.674994+00:00,sensor.soterrani_fons_temperatura,14.8
2026-09-22T11:08:04.431227+00:00,sensor.soterrani_fons_temperatura,14.5
2026-09-22T11:09:12.683070+00:00,sensor.soterrani_fons_temperatura,14.2
2026-09-22T11:10:23.400468+00:00,sensor.soterrani_fons_temperatura,13.9
2026-09-22T11:11:26.954031+00:00,sensor.soterrani_fons_temperatura,13.7
2026-09-22T11:11:33.438301+00:00,sensor.soterrani_fons_temperatura,13.6
2026-09-22T11:12:54.939416+00:00,sensor.soterrani_fons_temperatura,13.3
2026-09-22T11:14:11.937866+00:00,sensor.soterrani_fons_temperatura,13.0
2026-09-22T11:15:42.404358+00:00,sensor.soterrani_fons_temperatura,12.7
2026-09-22T11:17:12.405459+00:00,sensor.soterrani_fons_temperatura,12.4
2026-09-22T11:18:42.450191+00:00,sensor.soterrani_fons_temperatura,12.1
2026-09-22T11:20:32.449826+00:00,sensor.soterrani_fons_temperatura,11.8
2026-09-22T11:22:11.441156+00:00,sensor.soterrani_fons_temperatura,11.5
2026-09-22T11:24:05.944150+00:00,sensor.soterrani_fons_temperatura,11.2
2026-09-22T11:26:06.952582+00:00,sensor.soterrani_fons_temperatura,10.9
2026-09-22T11:28:10.418646+00:00,sensor.soterrani_fons_temperatura,10.6
2026-09-22T11:30:22.425037+00:00,sensor.soterrani_fons_temperatura,10.3
2026-09-22T11:32:36.419834+00:00,sensor.soterrani_fons_temperatura,10.0
2026-09-22T11:35:01.460032+00:00,sensor.soterrani_fons_temperatura,9.7
2026-09-22T11:37:37.711419+00:00,sensor.soterrani_fons_temperatura,9.4
2026-09-22T11:40:18.431457+00:00,sensor.soterrani_fons_temperatura,9.1
2026-09-22T11:41:26.494244+00:00,sensor.soterrani_fons_temperatura,9.0
2026-09-22T11:43:14.437722+00:00,sensor.soterrani_fons_temperatura,8.8
2026-09-22T11:44:40.830438+00:00,sensor.soterrani_fons_temperatura,8.7
2026-09-22T11:44:44.474619+00:00,sensor.soterrani_fons_temperatura,8.8
2026-09-22T11:47:22.980778+00:00,sensor.soterrani_fons_temperatura,8.9
2026-09-22T11:56:26.471455+00:00,sensor.soterrani_fons_temperatura,8.8
2026-09-22T11:59:35.450576+00:00,sensor.soterrani_fons_temperatura,8.6
2026-09-22T12:04:49.984203+00:00,sensor.soterrani_fons_temperatura,8.3
2026-09-22T12:10:37.492658+00:00,sensor.soterrani_fons_temperatura,8.0
2026-09-22T12:16:25.471220+00:00,sensor.soterrani_fons_temperatura,7.7
2026-09-22T12:22:34.754011+00:00,sensor.soterrani_fons_temperatura,7.4
2026-09-22T12:26:25.790355+00:00,sensor.soterrani_fons_temperatura,7.3
2026-09-22T12:29:52.508428+00:00,sensor.soterrani_fons_temperatura,7.1
2026-09-22T12:38:03.487797+00:00,sensor.soterrani_fons_temperatura,6.8
2026-09-22T12:41:25.550965+00:00,sensor.soterrani_fons_temperatura,6.7
2026-09-22T12:47:13.487177+00:00,sensor.soterrani_fons_temperatura,6.5
2026-09-22T12:56:25.525034+00:00,sensor.soterrani_fons_temperatura,6.3
2026-09-22T12:58:15.500005+00:00,sensor.soterrani_fons_temperatura,6.2
2026-09-22T13:11:05.511923+00:00,sensor.soterrani_fons_temperatura,5.9
2026-09-22T13:11:27.537095+00:00,sensor.soterrani_fons_temperatura,6.0
2026-09-22T13:26:27.495176+00:00,sensor.soterrani_fons_temperatura,5.7
2026-09-22T13:27:26.533060+00:00,sensor.soterrani_fons_temperatura,5.6
2026-09-22T13:41:26.618349+00:00,sensor.soterrani_fons_temperatura,5.5
2026-09-22T13:50:19.097129+00:00,sensor.soterrani_fons_temperatura,5.3
2026-09-22T14:11:26.166256+00:00,sensor.soterrani_fons_temperatura,5.1
2026-09-22T14:25:50.669646+00:00,sensor.soterrani_fons_temperatura,5.0
2026-09-22T14:26:25.959365+00:00,sensor.soterrani_fons_temperatura,5.1
2026-09-22T14:41:25.715753+00:00,sensor.soterrani_fons_temperatura,5.0
2026-09-22T14:47:39.669562+00:00,sensor.soterrani_fons_temperatura,5.3
2026-09-22T15:26:26.963295+00:00,sensor.soterrani_fons_temperatura,5.5
2026-09-22T15:41:26.725184+00:00,sensor.soterrani_fons_temperatura,5.4
2026-09-22T15:56:26.710120+00:00,sensor.soterrani_fons_temperatura,5.3
2026-09-22T16:11:26.254344+00:00,sensor.soterrani_fons_temperatura,5.2
2026-09-22T16:26:26.027620+00:00,sensor.soterrani_fons_temperatura,5.1
2026-09-22T16:30:12.715644+00:00,sensor.soterrani_fons_temperatura,5.0
2026-09-22T16:33:26.265966+00:00,sensor.soterrani_fons_temperatura,5.3
2026-09-22T16:34:49.760344+00:00,sensor.soterrani_fons_temperatura,5.6
2026-09-22T16:35:58.017067+00:00,sensor.soterrani_fons_temperatura,5.9
2026-09-22T16:37:12.758661+00:00,sensor.soterrani_fons_temperatura,6.2
2026-09-22T16:38:32.016300+00:00,sensor.soterrani_fons_temperatura,6.5
2026-09-22T16:40:08.757718+00:00,sensor.soterrani_fons_temperatura,6.8
2026-09-22T16:41:25.799391+00:00,sensor.soterrani_fons_temperatura,7.0
2026-09-22T16:41:58.767494+00:00,sensor.soterrani_fons_temperatura,7.1
2026-09-22T16:44:41.737143+00:00,sensor.soterrani_fons_temperatura,7.4
2026-09-22T16:49:01.270509+00:00,sensor.soterrani_fons_temperatura,7.7
2026-09-22T16:56:25.773912+00:00,sensor.soterrani_fons_temperatura,7.8
2026-09-22T16:56:27.815999+00:00,sensor.soterrani_fons_temperatura,7.7
2026-09-22T17:11:25.324743+00:00,sensor.soterrani_fons_temperatura,7.5
2026-09-22T17:13:26.295142+00:00,sensor.soterrani_fons_temperatura,7.4
2026-09-22T17:25:23.769543+00:00,sensor.soterrani_fons_temperatura,7.1
2026-09-22T17:37:14.069690+00:00,sensor.soterrani_fons_temperatura,6.8
2026-09-22T17:49:09.107918+00:00,sensor.soterrani_fons_temperatura,6.5
2026-09-22T17:56:26.902187+00:00,sensor.soterrani_fons_temperatura,6.4
2026-09-22T18:03:11.850827+00:00,sensor.soterrani_fons_temperatura,6.2
2026-09-22T18:11:26.895169+00:00,sensor.soterrani_fons_temperatura,6.1
2026-09-22T18:18:24.876934+00:00,sensor.soterrani_fons_temperatura,5.9
2026-09-22T18:26:26.426175+00:00,sensor.soterrani_fons_temperatura,5.8
2026-09-22T18:34:58.892958+00:00,sensor.soterrani_fons_temperatura,5.6
2026-09-22T18:56:06.156033+00:00,sensor.soterrani_fons_temperatura,5.3
2026-09-22T18:56:25.928378+00:00,sensor.soterrani_fons_temperatura,5.4
2026-09-22T19:11:25.906067+00:00,sensor.soterrani_fons_temperatura,5.2
2026-09-22T19:23:07.423036+00:00,sensor.soterrani_fons_temperatura,5.0
2026-09-22T19:56:27.251849+00:00,sensor.soterrani_fons_temperatura,5.2
2026-09-22T20:01:54.979473+00:00,sensor.soterrani_fons_temperatura,5.3
2026-09-22T20:11:27.040556+00:00,sensor.soterrani_fons_temperatura,5.4
2026-09-22T20:21:18.083925+00:00,sensor.soterrani_fons_temperatura,5.6
2026-09-22T20:40:03.031532+00:00,sensor.soterrani_fons_temperatura,5.9
2026-09-22T20:41:26.594519+00:00,sensor.soterrani_fons_temperatura,5.8
2026-09-22T20:56:26.377670+00:00,sensor.soterrani_fons_temperatura,6.1
2026-09-22T20:57:50.062678+00:00,sensor.soterrani_fons_temperatura,6.2
2026-09-22T21:11:26.143981+00:00,sensor.soterrani_fons_temperatura,6.3
2026-09-22T21:16:45.087200+00:00,sensor.soterrani_fons_temperatura,6.5
2026-09-22T21:26:26.057683+00:00,sensor.soterrani_fons_temperatura,6.6
2026-09-22T21:36:33.027707+00:00,sensor.soterrani_fons_temperatura,6.8
2026-09-22T21:56:25.382166+00:00,sensor.soterrani_fons_temperatura,7.0
2026-09-22T21:58:17.602650+00:00,sensor.soterrani_fons_temperatura,7.1
2026-09-22T22:11:25.149618+00:00,sensor.soterrani_fons_temperatura,7.2
2026-09-22T22:21:04.095421+00:00,sensor.soterrani_fons_temperatura,7.4
2026-09-22T22:41:27.122803+00:00,sensor.soterrani_fons_temperatura,7.6
2026-09-22T22:46:10.387762+00:00,sensor.soterrani_fons_temperatura,7.7
2026-09-22T22:56:26.426664+00:00,sensor.soterrani_fons_temperatura,7.8
2026-09-22T23:10:13.662139+00:00,sensor.soterrani_fons_temperatura,8.0
2026-09-22T23:26:26.160012+00:00,sensor.soterrani_fons_temperatura,8.2
2026-09-22T23:30:06.145838+00:00,sensor.soterrani_fons_temperatura,8.3
2026-09-22T23:56:25.475774+00:00,sensor.soterrani_fons_temperatura,8.4
2026-09-23T00:11:25.196169+00:00,sensor.soterrani_fons_temperatura,8.2
2026-09-23T00:21:25.473903+00:00,sensor.soterrani_fons_temperatura,8.0
2026-09-23T00:40:09.480866+00:00,sensor.soterrani_fons_temperatura,7.7
2026-09-23T00:56:26.260965+00:00,sensor.soterrani_fons_temperatura,7.5
2026-09-23T00:59:24.493067+00:00,sensor.soterrani_fons_temperatura,7.4
2026-09-23T01:11:26.235520+00:00,sensor.soterrani_fons_temperatura,7.3
2026-09-23T01:19:23.260218+00:00,sensor.soterrani_fons_temperatura,7.1
2026-09-23T01:41:25.549442+00:00,sensor.soterrani_fons_temperatura,6.9
2026-09-23T01:42:33.773274+00:00,sensor.soterrani_fons_temperatura,6.8
2026-09-23T01:56:25.315167+00:00,sensor.soterrani_fons_temperatura,6.7
2026-09-23T02:07:40.789407+00:00,sensor.soterrani_fons_temperatura,6.5
2026-09-23T02:26:24.829569+00:00,sensor.soterrani_fons_temperatura,6.4
2026-09-23T02:40:29.552876+00:00,sensor.soterrani_fons_temperatura,6.2
2026-09-23T02:41:26.844176+00:00,sensor.soterrani_fons_temperatura,6.3
2026-09-23T02:56:26.596745+00:00,sensor.soterrani_fons_temperatura,6.1
2026-09-23T03:11:26.354606+00:00,sensor.soterrani_fons_temperatura,6.0
2026-09-23T03:20:58.336254+00:00,sensor.soterrani_fons_temperatura,5.9
2026-09-23T03:41:25.873219+00:00,sensor.soterrani_fons_temperatura,5.8
2026-09-23T04:11:25.393644+00:00,sensor.soterrani_fons_temperatura,5.7
2026-09-23T04:18:01.379800+00:00,sensor.soterrani_fons_temperatura,5.6
2026-09-23T04:56:24.676045+00:00,sensor.soterrani_fons_temperatura,5.5
2026-09-23T05:26:26.457300+00:00,sensor.soterrani_fons_temperatura,5.4
2026-09-23T05:36:16.394988+00:00,sensor.soterrani_fons_temperatura,5.3
2026-09-23T05:41:28.466902+00:00,sensor.soterrani_fons_temperatura,5.4
2026-09-23T05:56:25.973519+00:00,sensor.soterrani_fons_temperatura,5.3
2026-09-23T06:07:36.955832+00:00,sensor.soterrani_fons_temperatura,5.6
2026-09-23T06:08:14.417561+00:00,sensor.soterrani_fons_temperatura,5.9
2026-09-23T06:08:47.424695+00:00,sensor.soterrani_fons_temperatura,6.2
2026-09-23T06:09:15.964027+00:00,sensor.soterrani_fons_temperatura,6.5
2026-09-23T06:09:42.421946+00:00,sensor.soterrani_fons_temperatura,6.8
2026-09-23T06:10:04.424482+00:00,sensor.soterrani_fons_temperatura,7.1
2026-09-23T06:10:32.958165+00:00,sensor.soterrani_fons_temperatura,7.4
2026-09-23T06:10:57.428440+00:00,sensor.soterrani_fons_temperatura,7.7
2026-09-23T06:11:23.464216+00:00,sensor.soterrani_fons_temperatura,8.0
2026-09-23T06:11:47.719989+00:00,sensor.soterrani_fons_temperatura,8.3
2026-09-23T06:12:11.975945+00:00,sensor.soterrani_fons_temperatura,8.6
2026-09-23T06:12:38.439719+00:00,sensor.soterrani_fons_temperatura,8.9
2026-09-23T06:13:02.460994+00:00,sensor.soterrani_fons_temperatura,9.2
2026-09-23T06:13:28.966938+00:00,sensor.soterrani_fons_temperatura,9.5
2026-09-23T06:13:53.432946+00:00,sensor.soterrani_fons_temperatura,9.8
2026-09-23T06:14:19.471863+00:00,sensor.soterrani_fons_temperatura,10.1
2026-09-23T06:14:45.969206+00:00,sensor.soterrani_fons_temperatura,10.4
2026-09-23T06:15:14.458456+00:00,sensor.soterrani_fons_temperatura,10.7
2026-09-23T06:15:40.964461+00:00,sensor.soterrani_fons_temperatura,11.0
2026-09-23T06:16:09.474391+00:00,sensor.soterrani_fons_temperatura,11.3
2026-09-23T06:16:38.426083+00:00,sensor.soterrani_fons_temperatura,11.6
2026-09-23T06:17:08.963461+00:00,sensor.soterrani_fons_temperatura,11.9
2026-09-23T06:17:41.976879+00:00,sensor.soterrani_fons_temperatura,12.2
2026-09-23T06:18:10.470855+00:00,sensor.soterrani_fons_temperatura,12.5
2026-09-23T06:18:41.431508+00:00,sensor.soterrani_fons_temperatura,12.8
2026-09-23T06:19:16.471481+00:00,sensor.soterrani_fons_temperatura,13.1
2026-09-23T06:19:51.731827+00:00,sensor.soterrani_fons_temperatura,13.4
2026-09-23T06:20:26.969179+00:00,sensor.soterrani_fons_temperatura,13.7
2026-09-23T06:21:07.184942+00:00,sensor.soterrani_fons_temperatura,14.0
2026-09-23T06:21:43.980293+00:00,sensor.soterrani_fons_temperatura,14.3
2026-09-23T06:22:23.483140+00:00,sensor.soterrani_fons_temperatura,14.6
2026-09-23T06:23:07.479976+00:00,sensor.soterrani_fons_temperatura,14.9
2026-09-23T06:23:49.438730+00:00,sensor.soterrani_fons_temperatura,15.2
2026-09-23T06:24:37.737515+00:00,sensor.soterrani_fons_temperatura,15.5
2026-09-23T06:25:23.988109+00:00,sensor.soterrani_fons_temperatura,15.8
2026-09-23T06:26:14.479728+00:00,sensor.soterrani_fons_temperatura,16.1
2026-09-23T06:27:07.447583+00:00,sensor.soterrani_fons_temperatura,16.4
2026-09-23T06:27:57.984004+00:00,sensor.soterrani_fons_temperatura,16.7
2026-09-23T06:28:52.979942+00:00,sensor.soterrani_fons_temperatura,17.0
2026-09-23T06:29:52.451717+00:00,sensor.soterrani_fons_temperatura,17.3
2026-09-23T06:30:51.743016+00:00,sensor.soterrani_fons_temperatura,17.6
2026-09-23T06:31:59.992583+00:00,sensor.soterrani_fons_temperatura,17.9
2026-09-23T06:33:05.995097+00:00,sensor.soterrani_fons_temperatura,18.2
2026-09-23T06:34:14.457768+00:00,sensor.soterrani_fons_temperatura,18.5
2026-09-23T06:35:28.991956+00:00,sensor.soterrani_fons_temperatura,18.8
2026-09-23T06:36:41.493160+00:00,sensor.soterrani_fons_temperatura,19.1
2026-09-23T06:38:07.456465+00:00,sensor.soterrani_fons_temperatura,19.4
2026-09-23T06:39:30.991422+00:00,sensor.soterrani_fons_temperatura,19.7
2026-09-23T06:40:56.748946+00:00,sensor.soterrani_fons_temperatura,20.0
2026-09-23T06:41:25.486853+00:00,sensor.soterrani_fons_temperatura,20.1
2026-09-23T06:41:27.568850+00:00,sensor.soterrani_fons_temperatura,20.0
2026-09-23T06:42:29.001026+00:00,sensor.soterrani_fons_temperatura,20.3
2026-09-23T06:44:03.508765+00:00,sensor.soterrani_fons_temperatura,20.6
2026-09-23T06:45:40.468708+00:00,sensor.soterrani_fons_temperatura,20.9
2026-09-23T06:47:32.503255+00:00,sensor.soterrani_fons_temperatura,21.2
2026-09-23T06:49:29.469559+00:00,sensor.soterrani_fons_temperatura,21.5
2026-09-23T06:51:25.764838+00:00,sensor.soterrani_fons_temperatura,21.8
2026-09-23T06:53:31.473407+00:00,sensor.soterrani_fons_temperatura,22.1
2026-09-23T06:55:45.476201+00:00,sensor.soterrani_fons_temperatura,22.4
2026-09-23T06:58:06.478649+00:00,sensor.soterrani_fons_temperatura,22.7
2026-09-23T07:00:44.519954+00:00,sensor.soterrani_fons_temperatura,23.0
2026-09-23T07:03:29.513742+00:00,sensor.soterrani_fons_temperatura,23.3
2026-09-23T07:06:23.478294+00:00,sensor.soterrani_fons_temperatura,23.6
2026-09-23T07:09:26.027768+00:00,sensor.soterrani_fons_temperatura,23.9
2026-09-23T07:11:24.806238+00:00,sensor.soterrani_fons_temperatura,24.0
2026-09-23T07:12:46.493336+00:00,sensor.soterrani_fons_temperatura,24.2
2026-09-23T07:16:37.495876+00:00,sensor.soterrani_fons_temperatura,24.5
2026-09-23T07:20:39.496422+00:00,sensor.soterrani_fons_temperatura,24.8
2026-09-23T07:25:23.044715+00:00,sensor.soterrani_fons_temperatura,25.1
2026-09-23T07:30:31.053746+00:00,sensor.soterrani_fons_temperatura,25.4
2026-09-23T07:36:07.551128+00:00,sensor.soterrani_fons_temperatura,25.7
2026-09-23T07:41:24.540069+00:00,sensor.soterrani_fons_temperatura,25.9
2026-09-23T07:42:58.806466+00:00,sensor.soterrani_fons_temperatura,26.0
2026-09-23T07:50:45.521413+00:00,sensor.soterrani_fons_temperatura,26.3
2026-09-23T07:53:30.534286+00:00,sensor.soterrani_fons_temperatura,26.4
2026-09-23T07:54:59.408305+00:00,sensor.soterrani_fons_temperatura,26.5
2026-09-23T07:56:26.556705+00:00,sensor.soterrani_fons_temperatura,26.7
2026-09-23T07:56:54.568286+00:00,sensor.soterrani_fons_temperatura,26.8
2026-09-23T07:58:07.527109+00:00,sensor.soterrani_fons_temperatura,26.7
2026-09-23T07:58:20.534188+00:00,sensor.soterrani_fons_temperatura,26.5
2026-09-23T07:58:38.065221+00:00,sensor.soterrani_fons_temperatura,26.2
2026-09-23T07:58:55.569695+00:00,sensor.soterrani_fons_temperatura,25.9
2026-09-23T07:59:09.528268+00:00,sensor.soterrani_fons_temperatura,25.6
2026-09-23T07:59:22.064572+00:00,sensor.soterrani_fons_temperatura,25.3
2026-09-23T07:59:33.820915+00:00,sensor.soterrani_fons_temperatura,25.0
2026-09-23T07:59:44.071568+00:00,sensor.soterrani_fons_temperatura,24.7
2026-09-23T07:59:57.533255+00:00,sensor.soterrani_fons_temperatura,24.4
2026-09-23T08:00:08.535970+00:00,sensor.soterrani_fons_temperatura,24.1
2026-09-23T08:00:19.532351+00:00,sensor.soterrani_fons_temperatura,23.8
2026-09-23T08:00:32.535403+00:00,sensor.soterrani_fons_temperatura,23.5
2026-09-23T08:00:43.527684+00:00,sensor.soterrani_fons_temperatura,23.2
2026-09-23T08:00:56.578193+00:00,sensor.soterrani_fons_temperatura,22.9
2026-09-23T08:01:09.819103+00:00,sensor.soterrani_fons_temperatura,22.6
2026-09-23T08:01:23.077169+00:00,sensor.soterrani_fons_temperatura,22.3
2026-09-23T08:01:36.534856+00:00,sensor.soterrani_fons_temperatura,22.0
2026-09-23T08:01:52.575480+00:00,sensor.soterrani_fons_temperatura,21.7
2026-09-23T08:02:04.831448+00:00,sensor.soterrani_fons_temperatura,21.4
2026-09-23T08:02:20.540260+00:00,sensor.soterrani_fons_temperatura,21.1
2026-09-23T08:02:37.825831+00:00,sensor.soterrani_fons_temperatura,20.8
2026-09-23T08:02:54.380933+00:00,sensor.soterrani_fons_temperatura,20.5
2026-09-23T08:03:15.531390+00:00,sensor.soterrani_fons_temperatura,20.2
2026-09-23T08:03:30.582752+00:00,sensor.soterrani_fons_temperatura,19.9
2026-09-23T08:03:50.536605+00:00,sensor.soterrani_fons_temperatura,19.6
2026-09-23T08:04:10.540435+00:00,sensor.soterrani_fons_temperatura,19.3
2026-09-23T08:04:32.538201+00:00,sensor.soterrani_fons_temperatura,19.0
2026-09-23T08:04:54.548207+00:00,sensor.soterrani_fons_temperatura,18.7
2026-09-23T08:05:20.588366+00:00,sensor.soterrani_fons_temperatura,18.4
2026-09-23T08:05:47.081118+00:00,sensor.soterrani_fons_temperatura,18.1
2026-09-23T08:06:13.535916+00:00,sensor.soterrani_fons_temperatura,17.8
2026-09-23T08:06:46.540573+00:00,sensor.soterrani_fons_temperatura,17.5
2026-09-23T08:07:17.541743+00:00,sensor.soterrani_fons_temperatura,17.2
2026-09-23T08:07:54.585248+00:00,sensor.soterrani_fons_temperatura,16.9
2026-09-23T08:08:28.538291+00:00,sensor.soterrani_fons_temperatura,16.6
2026-09-23T08:09:05.087038+00:00,sensor.soterrani_fons_temperatura,16.3
2026-09-23T08:09:49.088002+00:00,sensor.soterrani_fons_temperatura,16.0
2026-09-23T08:10:30.840035+00:00,sensor.soterrani_fons_temperatura,15.7
2026-09-23T08:11:25.829598+00:00,sensor.soterrani_fons_temperatura,15.4
2026-09-23T08:12:14.085165+00:00,sensor.soterrani_fons_temperatura,15.1
2026-09-23T08:13:15.585279+00:00,sensor.soterrani_fons_temperatura,14.8
2026-09-23T08:14:10.592690+00:00,sensor.soterrani_fons_temperatura,14.5
2026-09-23T08:15:27.581590+00:00,sensor.soterrani_fons_temperatura,14.2
2026-09-23T08:16:46.842297+00:00,sensor.soterrani_fons_temperatura,13.9
2026-09-23T08:18:06.088783+00:00,sensor.soterrani_fons_temperatura,13.6
2026-09-23T08:19:23.170582+00:00,sensor.soterrani_fons_temperatura,13.3
2026-09-23T08:20:57.589948+00:00,sensor.soterrani_fons_temperatura,13.0
2026-09-23T08:22:36.596988+00:00,sensor.soterrani_fons_temperatura,12.7
2026-09-23T08:24:17.841921+00:00,sensor.soterrani_fons_temperatura,12.4
2026-09-23T08:26:10.087456+00:00,sensor.soterrani_fons_temperatura,12.1
2026-09-23T08:28:08.592522+00:00,sensor.soterrani_fons_temperatura,11.8
2026-09-23T08:29:23.567444+00:00,sensor.soterrani_fons_temperatura,11.7
2026-09-23T08:30:27.567275+00:00,sensor.soterrani_fons_temperatura,11.8
2026-09-23T08:30:47.097787+00:00,sensor.soterrani_fons_temperatura,11.9
2026-09-23T08:31:13.567109+00:00,sensor.soterrani_fons_temperatura,12.1
2026-09-23T08:31:50.847634+00:00,sensor.soterrani_fons_temperatura,12.4
2026-09-23T08:32:30.562531+00:00,sensor.soterrani_fons_temperatura,12.7
2026-09-23T08:33:10.106703+00:00,sensor.soterrani_fons_temperatura,13.0
2026-09-23T08:33:51.853580+00:00,sensor.soterrani_fons_temperatura,13.3
2026-09-23T08:34:35.854043+00:00,sensor.soterrani_fons_temperatura,13.6
2026-09-23T08:35:26.562763+00:00,sensor.soterrani_fons_temperatura,13.9
2026-09-23T08:36:23.610121+00:00,sensor.soterrani_fons_temperatura,14.2
2026-09-23T08:37:31.854031+00:00,sensor.soterrani_fons_temperatura,14.5
2026-09-23T08:39:08.602972+00:00,sensor.soterrani_fons_temperatura,14.8
2026-09-23T08:41:25.121707+00:00,sensor.soterrani_fons_temperatura,15.0
2026-09-23T08:41:49.562959+00:00,sensor.soterrani_fons_temperatura,15.1
2026-09-23T08:52:31.607448+00:00,sensor.soterrani_fons_temperatura,14.8
2026-09-23T08:56:24.892066+00:00,sensor.soterrani_fons_temperatura,14.6
2026-09-23T08:57:04.568453+00:00,sensor.soterrani_fons_temperatura,14.5
2026-09-23T09:01:15.569860+00:00,sensor.soterrani_fons_temperatura,14.2
2026-09-23T09:05:15.117691+00:00,sensor.soterrani_fons_temperatura,13.9
2026-09-23T09:09:28.115759+00:00,sensor.soterrani_fons_temperatura,13.6
2026-09-23T09:11:24.652847+00:00,sensor.soterrani_fons_temperatura,13.5
2026-09-23T09:13:43.589652+00:00,sensor.soterrani_fons_temperatura,13.3
2026-09-23T09:18:00.635930+00:00,sensor.soterrani_fons_temperatura,13.0
2026-09-23T09:22:31.589778+00:00,sensor.soterrani_fons_temperatura,12.7
2026-09-23T09:26:24.624391+00:00,sensor.soterrani_fons_temperatura,12.5
2026-09-23T09:27:25.879741+00:00,sensor.soterrani_fons_temperatura,12.4
2026-09-23T09:32:05.608339+00:00,sensor.soterrani_fons_temperatura,12.1
2026-09-23T09:37:13.613453+00:00,sensor.soterrani_fons_temperatura,11.8
2026-09-23T09:41:24.176104+00:00,sensor.soterrani_fons_temperatura,11.6
2026-09-23T09:42:52.158547+00:00,sensor.soterrani_fons_temperatura,11.5
2026-09-23T09:48:04.619339+00:00,sensor.soterrani_fons_temperatura,11.2
2026-09-23T09:51:42.618864+00:00,sensor.soterrani_fons_temperatura,11.5
2026-09-23T09:52:21.918542+00:00,sensor.soterrani_fons_temperatura,11.8
2026-09-23T09:52:52.659062+00:00,sensor.soterrani_fons_temperatura,12.1
2026-09-23T09:53:25.661412+00:00,sensor.soterrani_fons_temperatura,12.4
2026-09-23T09:53:54.622558+00:00,sensor.soterrani_fons_temperatura,12.7
2026-09-23T09:54:18.625047+00:00,sensor.soterrani_fons_temperatura,13.0
2026-09-23T09:54:47.662355+00:00,sensor.soterrani_fons_temperatura,13.3
2026-09-23T09:55:14.206969+00:00,sensor.soterrani_fons_temperatura,13.6
2026-09-23T09:55:42.161395+00:00,sensor.soterrani_fons_temperatura,13.9
2026-09-23T09:56:06.623695+00:00,sensor.soterrani_fons_temperatura,14.2
2026-09-23T09:56:26.189761+00:00,sensor.soterrani_fons_temperatura,14.4
2026-09-23T09:56:32.670128+00:00,sensor.soterrani_fons_temperatura,14.5
2026-09-23T09:56:59.670866+00:00,sensor.soterrani_fons_temperatura,14.8
2026-09-23T09:57:25.628579+00:00,sensor.soterrani_fons_temperatura,15.1
2026-09-23T09:57:54.168099+00:00,sensor.soterrani_fons_temperatura,15.4
2026-09-23T09:58:22.668236+00:00,sensor.soterrani_fons_temperatura,15.7
2026-09-23T09:58:51.795633+00:00,sensor.soterrani_fons_temperatura,16.0
2026-09-23T09:59:19.924757+00:00,sensor.soterrani_fons_temperatura,16.3
2026-09-23T09:59:52.910536+00:00,sensor.soterrani_fons_temperatura,16.6
2026-09-23T10:00:25.920295+00:00,sensor.soterrani_fons_temperatura,16.9
2026-09-23T10:00:58.916005+00:00,sensor.soterrani_fons_temperatura,17.2
2026-09-23T10:01:34.176307+00:00,sensor.soterrani_fons_temperatura,17.5
2026-09-23T10:02:11.633564+00:00,sensor.soterrani_fons_temperatura,17.8
2026-09-23T10:02:49.631208+00:00,sensor.soterrani_fons_temperatura,18.1
2026-09-23T10:03:30.661895+00:00,sensor.soterrani_fons_temperatura,18.4
2026-09-23T10:04:12.633092+00:00,sensor.soterrani_fons_temperatura,18.7
2026-09-23T10:04:56.634038+00:00,sensor.soterrani_fons_temperatura,19.0
2026-09-23T10:05:42.669749+00:00,sensor.soterrani_fons_temperatura,19.3
2026-09-23T10:06:37.680090+00:00,sensor.soterrani_fons_temperatura,19.6
2026-09-23T10:07:26.177691+00:00,sensor.soterrani_fons_temperatura,19.9
2026-09-23T10:08:25.635500+00:00,sensor.soterrani_fons_temperatura,20.2
2026-09-23T10:09:24.926346+00:00,sensor.soterrani_fons_temperatura,20.5
2026-09-23T10:10:26.637392+00:00,sensor.soterrani_fons_temperatura,20.8
2026-09-23T10:11:25.957773+00:00,sensor.soterrani_fons_temperatura,21.0
2026-09-23T10:11:36.933664+00:00,sensor.soterrani_fons_temperatura,21.1
2026-09-23T10:12:53.925422+00:00,sensor.soterrani_fons_temperatura,21.4
2026-09-23T10:14:13.177923+00:00,sensor.soterrani_fons_temperatura,21.7
2026-09-23T10:15:43.638136+00:00,sensor.soterrani_fons_temperatura,22.0
2026-09-23T10:17:17.933655+00:00,sensor.soterrani_fons_temperatura,22.3
2026-09-23T10:18:54.683903+00:00,sensor.soterrani_fons_temperatura,22.6
2026-09-23T10:20:42.646164+00:00,sensor.soterrani_fons_temperatura,22.9
2026-09-23T10:22:41.650141+00:00,sensor.soterrani_fons_temperatura,23.2
2026-09-23T10:24:11.653083+00:00,sensor.soterrani_fons_temperatura,23.4
2026-09-23T10:24:21.637068+00:00,sensor.soterrani_fons_temperatura,23.5
2026-09-23T10:24:42.654128+00:00,sensor.soterrani_fons_temperatura,23.8
2026-09-23T10:25:41.697979+00:00,sensor.soterrani_fons_temperatura,24.1
2026-09-23T10:26:26.972817+00:00,sensor.soterrani_fons_temperatura,24.2
2026-09-23T10:27:11.689812+00:00,sensor.soterrani_fons_temperatura,24.4
2026-09-23T10:28:44.199484+00:00,sensor.soterrani_fons_temperatura,24.7
2026-09-23T10:30:29.693682+00:00,sensor.soterrani_fons_temperatura,25.0
2026-09-23T10:32:50.668756+00:00,sensor.soterrani_fons_temperatura,25.3
2026-09-23T10:34:42.713089+00:00,sensor.soterrani_fons_temperatura,25.6
2026-09-23T10:37:45.663045+00:00,sensor.soterrani_fons_temperatura,25.9
2026-09-23T10:41:12.208293+00:00,sensor.soterrani_fons_temperatura,26.2
2026-09-23T10:44:56.671583+00:00,sensor.soterrani_fons_temperatura,26.5
2026-09-23T10:50:10.963480+00:00,sensor.soterrani_fons_temperatura,26.8
2026-09-23T11:06:54.236728+00:00,sensor.soterrani_fons_temperatura,27.1
2026-09-23T11:26:24.750817+00:00,sensor.soterrani_fons_temperatura,27.3
2026-09-23T11:26:26.808997+00:00,sensor.soterrani_fons_temperatura,27.2
2026-09-20T22:42:41.642937+00:00,sensor.soterrani_fons_humitat,unavailable
2026-09-20T22:42:42.051737+00:00,sensor.soterrani_fons_humitat,57.0
2026-09-20T23:11:30.407942+00:00,sensor.soterrani_fons_humitat,55.0
2026-09-20T23:16:51.380206+00:00,sensor.soterrani_fons_humitat,53.0
2026-09-20T23:41:31.727334+00:00,sensor.soterrani_fons_humitat,52.0
2026-09-20T23:56:31.492631+00:00,sensor.soterrani_fons_humitat,54.0
2026-09-21T00:14:44.774692+00:00,sensor.soterrani_fons_humitat,unavailable
2026-09-21T00:15:06.938822+00:00,sensor.soterrani_fons_humitat,54.0
2026-09-21T01:34:45.949744+00:00,sensor.soterrani_fons_humitat,unavailable
2026-09-21T01:34:53.781179+00:00,sensor.soterrani_fons_humitat,54.0
2026-09-21T01:56:29.596530+00:00,sensor.soterrani_fons_humitat,55.0
2026-09-21T02:11:29.578162+00:00,sensor.soterrani_fons_humitat,54.0
2026-09-21T03:56:37.534822+00:00,sensor.soterrani_fons_humitat,53.0
2026-09-21T05:11:30.752099+00:00,sensor.soterrani_fons_humitat,52.0
2026-09-21T07:16:58.386582+00:00,sensor.soterrani_fons_humitat,51.0
2026-09-21T07:40:35.163070+00:00,sensor.soterrani_fons_humitat,49.0
2026-09-21T07:56:29.961815+00:00,sensor.soterrani_fons_humitat,48.0
2026-09-21T08:11:29.941426+00:00,sensor.soterrani_fons_humitat,49.0
2026-09-21T08:41:29.251845+00:00,sensor.soterrani_fons_humitat,48.0
2026-09-21T08:56:29.023918+00:00,sensor.soterrani_fons_humitat,46.0
2026-09-21T09:09:23.516442+00:00,sensor.soterrani_fons_humitat,48.0
2026-09-21T09:26:31.008352+00:00,sensor.soterrani_fons_humitat,46.0
2026-09-21T09:41:30.314894+00:00,sensor.soterrani_fons_humitat,45.0
2026-09-21T09:56:30.080899+00:00,sensor.soterrani_fons_humitat,46.0
2026-09-21T10:06:09.016917+00:00,sensor.soterrani_fons_humitat,51.0
2026-09-21T10:06:46.084483+00:00,sensor.soterrani_fons_humitat,48.0
2026-09-21T10:08:14.067354+00:00,sensor.soterrani_fons_humitat,47.0
2026-09-21T10:10:24.035128+00:00,sensor.soterrani_fons_humitat,48.0
2026-09-21T10:11:30.051871+00:00,sensor.soterrani_fons_humitat,49.0
2026-09-21T10:17:28.331724+00:00,sensor.soterrani_fons_humitat,51.0
2026-09-21T10:26:29.609055+00:00,sensor.soterrani_fons_humitat,53.0
2026-09-21T10:41:29.384308+00:00,sensor.soterrani_fons_humitat,54.0
2026-09-21T10:56:29.150463+00:00,sensor.soterrani_fons_humitat,55.0
2026-09-21T11:26:28.674426+00:00,sensor.soterrani_fons_humitat,56.0
2026-09-21T11:37:26.409729+00:00,sensor.soterrani_fons_humitat,57.0
2026-09-21T11:56:30.460886+00:00,sensor.soterrani_fons_humitat,58.0
2026-09-21T12:26:30.194447+00:00,sensor.soterrani_fons_humitat,59.0
2026-09-21T12:41:29.502017+00:00,sensor.soterrani_fons_humitat,60.0
2026-09-21T13:12:54.745040+00:00,sensor.soterrani_fons_humitat,57.0
2026-09-21T13:24:54.233950+00:00,sensor.soterrani_fons_humitat,60.0
2026-09-21T13:41:28.569477+00:00,sensor.soterrani_fons_humitat,61.0
2026-09-21T13:56:28.334152+00:00,sensor.soterrani_fons_humitat,62.0
2026-09-21T14:26:30.319878+00:00,sensor.soterrani_fons_humitat,63.0
2026-09-21T14:56:29.395719+00:00,sensor.soterrani_fons_humitat,64.0
2026-09-21T15:26:28.916146+00:00,sensor.soterrani_fons_humitat,65.0
2026-09-21T15:56:28.455666+00:00,sensor.soterrani_fons_humitat,66.0
2026-09-21T16:40:23.731560+00:00,sensor.soterrani_fons_humitat,67.0
2026-09-21T17:05:19.758507+00:00,sensor.soterrani_fons_humitat,68.0
2026-09-21T18:04:26.060059+00:00,sensor.soterrani_fons_humitat,69.0
2026-09-21T18:11:29.386873+00:00,sensor.soterrani_fons_humitat,68.0
2026-09-21T20:11:28.679543+00:00,sensor.soterrani_fons_humitat,69.0
2026-09-21T21:07:58.691493+00:00,sensor.soterrani_fons_humitat,70.0
2026-09-21T23:41:27.116619+00:00,sensor.soterrani_fons_humitat,71.0
2026-09-22T02:26:26.984268+00:00,sensor.soterrani_fons_humitat,72.0
2026-09-22T10:26:27.660085+00:00,sensor.soterrani_fons_humitat,73.0
2026-09-22T10:45:36.358274+00:00,sensor.soterrani_fons_humitat,69.0
2026-09-22T10:46:21.238127+00:00,sensor.soterrani_fons_humitat,66.0
2026-09-22T10:46:27.298274+00:00,sensor.soterrani_fons_humitat,62.0
2026-09-22T10:46:33.375848+00:00,sensor.soterrani_fons_humitat,59.0
2026-09-22T10:46:39.917056+00:00,sensor.soterrani_fons_humitat,56.0
2026-09-22T10:46:48.656915+00:00,sensor.soterrani_fons_humitat,53.0
2026-09-22T10:47:04.376109+00:00,sensor.soterrani_fons_humitat,50.0
2026-09-22T10:47:17.379412+00:00,sensor.soterrani_fons_humitat,49.0
2026-09-22T10:47:39.390293+00:00,sensor.soterrani_fons_humitat,48.0
2026-09-22T10:48:38.666162+00:00,sensor.soterrani_fons_humitat,47.0
2026-09-22T10:49:18.379058+00:00,sensor.soterrani_fons_humitat,46.0
2026-09-22T10:49:46.932582+00:00,sensor.soterrani_fons_humitat,45.0
2026-09-22T10:50:19.929365+00:00,sensor.soterrani_fons_humitat,44.0
2026-09-22T10:50:37.422362+00:00,sensor.soterrani_fons_humitat,43.0
2026-09-22T10:51:12.667736+00:00,sensor.soterrani_fons_humitat,42.0
2026-09-22T10:52:53.936653+00:00,sensor.soterrani_fons_humitat,41.0
2026-09-22T10:55:10.386142+00:00,sensor.soterrani_fons_humitat,40.0
2026-09-22T10:57:33.396728+00:00,sensor.soterrani_fons_humitat,39.0
2026-09-22T11:00:24.838844+00:00,sensor.soterrani_fons_humitat,38.0
2026-09-22T11:04:57.446624+00:00,sensor.soterrani_fons_humitat,37.0
2026-09-22T11:09:12.692766+00:00,sensor.soterrani_fons_humitat,36.0
2026-09-22T11:18:42.457824+00:00,sensor.soterrani_fons_humitat,35.0
2026-09-22T11:26:26.724132+00:00,sensor.soterrani_fons_humitat,34.0
2026-09-22T11:28:10.426958+00:00,sensor.soterrani_fons_humitat,35.0
2026-09-22T11:30:22.432822+00:00,sensor.soterrani_fons_humitat,34.0
2026-09-22T11:37:37.721004+00:00,sensor.soterrani_fons_humitat,33.0
2026-09-22T11:44:35.716123+00:00,sensor.soterrani_fons_humitat,38.0
2026-09-22T11:44:40.846164+00:00,sensor.soterrani_fons_humitat,42.0
2026-09-22T11:44:44.484247+00:00,sensor.soterrani_fons_humitat,45.0
2026-09-22T11:44:55.984598+00:00,sensor.soterrani_fons_humitat,49.0
2026-09-22T11:45:26.436888+00:00,sensor.soterrani_fons_humitat,52.0
2026-09-22T11:47:22.988146+00:00,sensor.soterrani_fons_humitat,55.0
2026-09-22T11:56:26.478794+00:00,sensor.soterrani_fons_humitat,54.0
2026-09-22T12:04:49.989963+00:00,sensor.soterrani_fons_humitat,55.0
2026-09-22T12:16:25.476972+00:00,sensor.soterrani_fons_humitat,56.0
2026-09-22T12:38:03.495033+00:00,sensor.soterrani_fons_humitat,57.0
2026-09-22T12:56:25.530900+00:00,sensor.soterrani_fons_humitat,58.0
2026-09-22T13:41:26.625613+00:00,sensor.soterrani_fons_humitat,59.0
2026-09-22T14:25:50.676945+00:00,sensor.soterrani_fons_humitat,60.0
2026-09-22T14:47:39.680548+00:00,sensor.soterrani_fons_humitat,61.0
2026-09-22T14:56:25.647285+00:00,sensor.soterrani_fons_humitat,60.0
2026-09-22T15:11:27.180681+00:00,sensor.soterrani_fons_humitat,61.0
2026-09-22T16:33:26.272400+00:00,sensor.soterrani_fons_humitat,63.0
2026-09-22T16:34:49.767576+00:00,sensor.soterrani_fons_humitat,64.0
2026-09-22T16:35:58.022282+00:00,sensor.soterrani_fons_humitat,65.0
2026-09-22T16:38:32.026218+00:00,sensor.soterrani_fons_humitat,66.0
2026-09-22T16:40:08.767133+00:00,sensor.soterrani_fons_humitat,65.0
2026-09-22T16:49:01.279748+00:00,sensor.soterrani_fons_humitat,64.0
2026-09-22T16:56:25.784116+00:00,sensor.soterrani_fons_humitat,62.0
2026-09-22T19:11:25.915759+00:00,sensor.soterrani_fons_humitat,63.0
2026-09-22T19:11:27.983456+00:00,sensor.soterrani_fons_humitat,62.0
2026-09-22T19:23:07.427608+00:00,sensor.soterrani_fons_humitat,63.0
2026-09-22T19:56:27.261612+00:00,sensor.soterrani_fons_humitat,64.0
2026-09-22T21:11:26.153566+00:00,sensor.soterrani_fons_humitat,65.0
2026-09-22T23:10:13.668618+00:00,sensor.soterrani_fons_humitat,66.0
2026-09-22T23:56:25.485791+00:00,sensor.soterrani_fons_humitat,65.0
2026-09-23T01:41:25.558309+00:00,sensor.soterrani_fons_humitat,66.0
2026-09-23T05:36:16.401393+00:00,sensor.soterrani_fons_humitat,67.0
2026-09-23T06:07:36.965867+00:00,sensor.soterrani_fons_humitat,69.0
2026-09-23T06:08:14.427742+00:00,sensor.soterrani_fons_humitat,70.0
2026-09-23T06:09:15.974111+00:00,sensor.soterrani_fons_humitat,71.0
2026-09-23T06:10:04.434470+00:00,sensor.soterrani_fons_humitat,72.0
2026-09-23T06:11:47.727304+00:00,sensor.soterrani_fons_humitat,73.0
2026-09-23T06:15:40.974467+00:00,sensor.soterrani_fons_humitat,72.0
2026-09-23T06:20:26.979265+00:00,sensor.soterrani_fons_humitat,71.0
2026-09-23T06:26:14.491766+00:00,sensor.soterrani_fons_humitat,70.0
2026-09-23T06:55:45.485822+00:00,sensor.soterrani_fons_humitat,69.0
2026-09-23T06:58:06.488234+00:00,sensor.soterrani_fons_humitat,70.0
2026-09-23T07:11:24.815924+00:00,sensor.soterrani_fons_humitat,69.0
2026-09-23T07:12:46.502074+00:00,sensor.soterrani_fons_humitat,70.0
2026-09-23T07:53:17.066243+00:00,sensor.soterrani_fons_humitat,66.0
2026-09-23T07:53:30.556292+00:00,sensor.soterrani_fons_humitat,63.0
2026-09-23T07:54:59.414937+00:00,sensor.soterrani_fons_humitat,60.0
2026-09-23T07:56:26.565907+00:00,sensor.soterrani_fons_humitat,59.0
2026-09-23T07:57:25.526057+00:00,sensor.soterrani_fons_humitat,62.0
2026-09-23T07:57:49.565820+00:00,sensor.soterrani_fons_humitat,59.0
2026-09-23T07:57:58.543268+00:00,sensor.soterrani_fons_humitat,55.0
2026-09-23T07:58:07.536766+00:00,sensor.soterrani_fons_humitat,52.0
2026-09-23T07:58:20.541940+00:00,sensor.soterrani_fons_humitat,49.0
2026-09-23T07:58:38.072819+00:00,sensor.soterrani_fons_humitat,48.0
2026-09-23T07:59:09.538230+00:00,sensor.soterrani_fons_humitat,47.0
2026-09-23T07:59:22.074392+00:00,sensor.soterrani_fons_humitat,46.0
2026-09-23T07:59:44.081090+00:00,sensor.soterrani_fons_humitat,45.0
2026-09-23T08:00:08.543586+00:00,sensor.soterrani_fons_humitat,44.0
2026-09-23T08:00:32.543608+00:00,sensor.soterrani_fons_humitat,43.0
2026-09-23T08:00:56.588135+00:00,sensor.soterrani_fons_humitat,42.0
2026-09-23T08:01:23.084792+00:00,sensor.soterrani_fons_humitat,41.0
2026-09-23T08:02:04.841301+00:00,sensor.soterrani_fons_humitat,40.0
2026-09-23T08:03:30.607281+00:00,sensor.soterrani_fons_humitat,39.0
2026-09-23T08:04:54.556323+00:00,sensor.soterrani_fons_humitat,38.0
2026-09-23T08:07:17.551593+00:00,sensor.soterrani_fons_humitat,37.0
2026-09-23T08:09:05.095507+00:00,sensor.soterrani_fons_humitat,36.0
2026-09-23T08:12:14.093425+00:00,sensor.soterrani_fons_humitat,35.0
2026-09-23T08:19:23.180211+00:00,sensor.soterrani_fons_humitat,34.0
2026-09-23T08:26:27.628675+00:00,sensor.soterrani_fons_humitat,33.0
2026-09-23T08:28:08.602194+00:00,sensor.soterrani_fons_humitat,34.0
2026-09-23T08:29:23.576441+00:00,sensor.soterrani_fons_humitat,37.0
2026-09-23T08:29:36.596906+00:00,sensor.soterrani_fons_humitat,40.0
2026-09-23T08:30:07.565018+00:00,sensor.soterrani_fons_humitat,43.0
2026-09-23T08:30:27.576182+00:00,sensor.soterrani_fons_humitat,46.0
2026-09-23T08:30:47.105078+00:00,sensor.soterrani_fons_humitat,49.0
2026-09-23T08:31:13.574394+00:00,sensor.soterrani_fons_humitat,52.0
2026-09-23T08:31:50.854945+00:00,sensor.soterrani_fons_humitat,54.0
2026-09-23T08:32:30.569699+00:00,sensor.soterrani_fons_humitat,56.0
2026-09-23T08:33:10.113983+00:00,sensor.soterrani_fons_humitat,57.0
2026-09-23T08:33:51.860872+00:00,sensor.soterrani_fons_humitat,58.0
2026-09-23T08:35:26.569302+00:00,sensor.soterrani_fons_humitat,59.0
2026-09-23T08:52:31.614561+00:00,sensor.soterrani_fons_humitat,60.0
2026-09-23T09:01:15.577205+00:00,sensor.soterrani_fons_humitat,61.0
2026-09-23T09:18:00.643256+00:00,sensor.soterrani_fons_humitat,62.0
2026-09-23T09:41:24.181834+00:00,sensor.soterrani_fons_humitat,63.0
2026-09-23T09:51:42.626270+00:00,sensor.soterrani_fons_humitat,65.0
2026-09-23T09:52:21.925725+00:00,sensor.soterrani_fons_humitat,66.0
2026-09-23T09:52:52.666254+00:00,sensor.soterrani_fons_humitat,67.0
2026-09-23T09:53:54.629775+00:00,sensor.soterrani_fons_humitat,68.0
2026-09-23T09:59:19.934767+00:00,sensor.soterrani_fons_humitat,67.0
2026-09-23T10:01:34.197271+00:00,sensor.soterrani_fons_humitat,66.0
2026-09-23T10:04:12.640902+00:00,sensor.soterrani_fons_humitat,65.0
2026-09-23T10:09:24.936377+00:00,sensor.soterrani_fons_humitat,64.0
2026-09-23T10:24:11.660303+00:00,sensor.soterrani_fons_humitat,61.0
2026-09-23T10:24:21.647100+00:00,sensor.soterrani_fons_humitat,64.0
2026-09-23T10:24:42.663702+00:00,sensor.soterrani_fons_humitat,61.0
2026-09-23T10:25:41.705211+00:00,sensor.soterrani_fons_humitat,60.0
2026-09-23T10:27:11.697309+00:00,sensor.soterrani_fons_humitat,59.0
2026-09-23T10:28:44.209143+00:00,sensor.soterrani_fons_humitat,58.0
2026-09-23T10:32:50.678455+00:00,sensor.soterrani_fons_humitat,57.0
2026-09-23T10:34:42.721934+00:00,sensor.soterrani_fons_humitat,56.0
2026-09-23T10:37:45.672729+00:00,sensor.soterrani_fons_humitat,55.0
2026-09-23T10:44:56.681158+00:00,sensor.soterrani_fons_humitat,53.0
2026-09-23T10:56:24.989358+00:00,sensor.soterrani_fons_humitat,52.0
2026-09-23T11:26:24.760338+00:00,sensor.soterrani_fons_humitat,51.0
2026-09-20T22:42:41.629361+00:00,sensor.soterrani_centre_temperatura,unavailable
2026-09-20T22:42:42.051053+00:00,sensor.soterrani_centre_temperatura,27.0
2026-09-20T23:18:52.951642+00:00,sensor.soterrani_centre_temperatura,26.9
2026-09-20T23:48:52.493685+00:00,sensor.soterrani_centre_temperatura,26.8
2026-09-21T00:14:44.774788+00:00,sensor.soterrani_centre_temperatura,unavailable
2026-09-21T00:15:06.929067+00:00,sensor.soterrani_centre_temperatura,26.8
2026-09-21T01:34:45.945136+00:00,sensor.soterrani_centre_temperatura,unavailable
2026-09-21T01:34:53.777931+00:00,sensor.soterrani_centre_temperatura,26.8
2026-09-21T02:48:51.657893+00:00,sensor.soterrani_centre_temperatura,26.7
2026-09-21T04:39:50.686098+00:00,sensor.soterrani_centre_temperatura,26.6
2026-09-21T04:48:51.728476+00:00,sensor.soterrani_centre_temperatura,26.7
2026-09-21T05:33:53.074782+00:00,sensor.soterrani_centre_temperatura,26.6
2026-09-21T06:03:52.806059+00:00,sensor.soterrani_centre_temperatura,26.7
2026-09-21T06:03:54.860080+00:00,sensor.soterrani_centre_temperatura,26.6
2026-09-21T06:33:52.125401+00:00,sensor.soterrani_centre_temperatura,26.7
2026-09-21T06:48:53.906820+00:00,sensor.soterrani_centre_temperatura,26.6
2026-09-21T07:03:51.396206+00:00,sensor.soterrani_centre_temperatura,26.7
2026-09-21T07:37:35.430335+00:00,sensor.soterrani_centre_temperatura,26.6
2026-09-21T07:45:56.927222+00:00,sensor.soterrani_centre_temperatura,26.3
2026-09-21T08:03:52.927962+00:00,sensor.soterrani_centre_temperatura,26.4
2026-09-21T08:16:02.912480+00:00,sensor.soterrani_centre_temperatura,26.6
2026-09-21T08:18:52.229683+00:00,sensor.soterrani_centre_temperatura,26.5
2026-09-21T08:33:51.999770+00:00,sensor.soterrani_centre_temperatura,26.6
2026-09-21T08:39:24.225258+00:00,sensor.soterrani_centre_temperatura,26.3
2026-09-21T08:48:51.974437+00:00,sensor.soterrani_centre_temperatura,26.2
2026-09-21T09:00:26.961311+00:00,sensor.soterrani_centre_temperatura,26.0
2026-09-21T09:33:51.152289+00:00,sensor.soterrani_centre_temperatura,25.8
2026-09-21T09:43:19.004010+00:00,sensor.soterrani_centre_temperatura,25.7
2026-09-21T10:03:50.584445+00:00,sensor.soterrani_centre_temperatura,25.9
2026-09-21T10:04:12.571240+00:00,sensor.soterrani_centre_temperatura,26.0
2026-09-21T10:08:43.062167+00:00,sensor.soterrani_centre_temperatura,26.3
2026-09-21T10:09:49.066494+00:00,sensor.soterrani_centre_temperatura,26.4
2026-09-21T10:11:43.569733+00:00,sensor.soterrani_centre_temperatura,26.7
2026-09-21T10:17:40.046242+00:00,sensor.soterrani_centre_temperatura,27.0
2026-09-21T10:32:15.594798+00:00,sensor.soterrani_centre_temperatura,27.3
2026-09-21T10:33:50.111271+00:00,sensor.soterrani_centre_temperatura,27.2
2026-09-21T10:48:50.108328+00:00,sensor.soterrani_centre_temperatura,27.5
2026-09-21T10:53:53.368299+00:00,sensor.soterrani_centre_temperatura,27.6
2026-09-21T11:03:52.109635+00:00,sensor.soterrani_centre_temperatura,27.7
2026-09-21T11:17:05.639605+00:00,sensor.soterrani_centre_temperatura,27.9
2026-09-21T11:33:51.146046+00:00,sensor.soterrani_centre_temperatura,28.1
2026-09-21T11:33:55.153341+00:00,sensor.soterrani_centre_temperatura,28.2
2026-09-21T11:44:39.665282+00:00,sensor.soterrani_centre_temperatura,28.5
2026-09-21T12:03:50.220721+00:00,sensor.soterrani_centre_temperatura,28.7
2026-09-21T12:04:14.436585+00:00,sensor.soterrani_centre_temperatura,28.8
2026-09-21T12:33:52.203976+00:00,sensor.soterrani_centre_temperatura,28.7
2026-09-21T13:13:14.218564+00:00,sensor.soterrani_centre_temperatura,28.6
2026-09-21T13:16:08.221802+00:00,sensor.soterrani_centre_temperatura,28.8
2026-09-21T13:33:50.567064+00:00,sensor.soterrani_centre_temperatura,28.7
2026-09-21T14:18:49.851916+00:00,sensor.soterrani_centre_temperatura,28.8
2026-09-21T14:48:51.643386+00:00,sensor.soterrani_centre_temperatura,29.0
2026-09-21T14:53:15.615733+00:00,sensor.soterrani_centre_temperatura,29.1
2026-09-21T16:18:49.969381+00:00,sensor.soterrani_centre_temperatura,29.0
2026-09-21T16:33:49.751017+00:00,sensor.soterrani_centre_temperatura,28.9
2026-09-21T16:41:14.438160+00:00,sensor.soterrani_centre_temperatura,28.8
2026-09-21T17:03:49.488623+00:00,sensor.soterrani_centre_temperatura,28.6
2026-09-21T17:07:42.462771+00:00,sensor.soterrani_centre_temperatura,28.5
2026-09-21T17:18:49.031107+00:00,sensor.soterrani_centre_temperatura,28.6
2026-09-21T17:33:51.051929+00:00,sensor.soterrani_centre_temperatura,28.5
2026-09-21T17:58:42.551077+00:00,sensor.soterrani_centre_temperatura,28.8
2026-09-21T18:01:08.072025+00:00,sensor.soterrani_centre_temperatura,29.1
2026-09-21T18:03:10.809086+00:00,sensor.soterrani_centre_temperatura,29.4
2026-09-21T18:03:50.541449+00:00,sensor.soterrani_centre_temperatura,29.5
2026-09-21T18:05:33.557687+00:00,sensor.soterrani_centre_temperatura,29.7
2026-09-21T18:09:26.827544+00:00,sensor.soterrani_centre_temperatura,30.0
2026-09-21T18:30:58.638410+00:00,sensor.soterrani_centre_temperatura,29.7
2026-09-21T19:03:49.603837+00:00,sensor.soterrani_centre_temperatura,29.5
2026-09-21T19:11:35.587445+00:00,sensor.soterrani_centre_temperatura,29.4
2026-09-21T19:33:48.677500+00:00,sensor.soterrani_centre_temperatura,29.2
2026-09-21T20:10:34.931878+00:00,sensor.soterrani_centre_temperatura,29.1
2026-09-21T20:33:49.735290+00:00,sensor.soterrani_centre_temperatura,29.0
2026-09-21T20:42:33.679849+00:00,sensor.soterrani_centre_temperatura,28.8
2026-09-21T21:03:49.244280+00:00,sensor.soterrani_centre_temperatura,28.6
2026-09-21T21:06:51.722084+00:00,sensor.soterrani_centre_temperatura,28.5
2026-09-21T21:33:48.771311+00:00,sensor.soterrani_centre_temperatura,28.3
2026-09-21T21:57:54.004357+00:00,sensor.soterrani_centre_temperatura,28.2
2026-09-21T22:48:51.830222+00:00,sensor.soterrani_centre_temperatura,28.3
2026-09-21T23:18:49.094369+00:00,sensor.soterrani_centre_temperatura,28.2
2026-09-21T23:33:48.855470+00:00,sensor.soterrani_centre_temperatura,28.1
2026-09-22T00:03:48.386411+00:00,sensor.soterrani_centre_temperatura,28.0
2026-09-22T00:06:50.867302+00:00,sensor.soterrani_centre_temperatura,27.9
2026-09-22T01:03:49.911385+00:00,sensor.soterrani_centre_temperatura,27.8
2026-09-22T01:48:48.942694+00:00,sensor.soterrani_centre_temperatura,27.7
2026-09-22T02:13:22.938645+00:00,sensor.soterrani_centre_temperatura,27.6
2026-09-22T03:03:47.533425+00:00,sensor.soterrani_centre_temperatura,27.5
2026-09-22T04:18:48.596623+00:00,sensor.soterrani_centre_temperatura,27.4
2026-09-22T04:29:20.053777+00:00,sensor.soterrani_centre_temperatura,27.3
2026-09-22T04:33:48.372765+00:00,sensor.soterrani_centre_temperatura,27.4
2026-09-22T04:48:48.134065+00:00,sensor.soterrani_centre_temperatura,27.3
2026-09-22T05:48:47.176311+00:00,sensor.soterrani_centre_temperatura,27.2
2026-09-22T06:03:47.135855+00:00,sensor.soterrani_centre_temperatura,27.3
2026-09-22T06:18:49.150488+00:00,sensor.soterrani_centre_temperatura,27.5
2026-09-22T06:21:18.156807+00:00,sensor.soterrani_centre_temperatura,27.6
2026-09-22T06:33:48.446112+00:00,sensor.soterrani_centre_temperatura,27.7
2026-09-22T06:45:48.159312+00:00,sensor.soterrani_centre_temperatura,27.9
2026-09-22T07:03:48.190942+00:00,sensor.soterrani_centre_temperatura,28.0
2026-09-22T07:18:47.483800+00:00,sensor.soterrani_centre_temperatura,28.1
2026-09-22T07:48:47.216884+00:00,sensor.soterrani_centre_temperatura,28.0
2026-09-22T08:48:48.320468+00:00,sensor.soterrani_centre_temperatura,28.1
2026-09-22T09:03:50.359383+00:00,sensor.soterrani_centre_temperatura,28.0
2026-09-22T09:18:47.842625+00:00,sensor.soterrani_centre_temperatura,28.1
2026-09-22T09:49:11.614111+00:00,sensor.soterrani_centre_temperatura,28.2
2026-09-22T10:45:26.374980+00:00,sensor.soterrani_centre_temperatura,28.1
2026-09-22T10:46:22.265673+00:00,sensor.soterrani_centre_temperatura,28.2
2026-09-22T10:46:36.670425+00:00,sensor.soterrani_centre_temperatura,28.1
2026-09-22T10:46:45.417749+00:00,sensor.soterrani_centre_temperatura,28.0
2026-09-22T10:46:58.675442+00:00,sensor.soterrani_centre_temperatura,27.9
2026-09-22T10:47:11.920276+00:00,sensor.soterrani_centre_temperatura,27.6
2026-09-22T10:47:25.781884+00:00,sensor.soterrani_centre_temperatura,27.3
2026-09-22T10:47:38.369921+00:00,sensor.soterrani_centre_temperatura,27.0
2026-09-22T10:47:51.409280+00:00,sensor.soterrani_centre_temperatura,26.7
2026-09-22T10:48:04.668334+00:00,sensor.soterrani_centre_temperatura,26.4
2026-09-22T10:48:20.379954+00:00,sensor.soterrani_centre_temperatura,26.1
2026-09-22T10:48:33.373580+00:00,sensor.soterrani_centre_temperatura,25.8
2026-09-22T10:48:47.384292+00:00,sensor.soterrani_centre_temperatura,25.6
2026-09-22T10:48:48.659210+00:00,sensor.soterrani_centre_temperatura,25.5
2026-09-22T10:49:05.031131+00:00,sensor.soterrani_centre_temperatura,25.2
2026-09-22T10:49:19.905417+00:00,sensor.soterrani_centre_temperatura,24.9
2026-09-22T10:49:37.939264+00:00,sensor.soterrani_centre_temperatura,24.6
2026-09-22T10:49:54.660836+00:00,sensor.soterrani_centre_temperatura,24.3
2026-09-22T10:50:14.951785+00:00,sensor.soterrani_centre_temperatura,24.0
2026-09-22T10:50:34.372615+00:00,sensor.soterrani_centre_temperatura,23.7
2026-09-22T10:50:55.116553+00:00,sensor.soterrani_centre_temperatura,23.4
2026-09-22T10:51:19.262389+00:00,sensor.soterrani_centre_temperatura,23.1
2026-09-22T10:51:40.392062+00:00,sensor.soterrani_centre_temperatura,22.8
2026-09-22T10:52:04.415727+00:00,sensor.soterrani_centre_temperatura,22.5
2026-09-22T10:52:26.434558+00:00,sensor.soterrani_centre_temperatura,22.2
2026-09-22T10:52:52.915396+00:00,sensor.soterrani_centre_temperatura,21.9
2026-09-22T10:53:17.377743+00:00,sensor.soterrani_centre_temperatura,21.6
2026-09-22T10:53:45.665407+00:00,sensor.soterrani_centre_temperatura,21.3
2026-09-22T10:54:09.926571+00:00,sensor.soterrani_centre_temperatura,21.0
2026-09-22T10:54:36.384059+00:00,sensor.soterrani_centre_temperatura,20.7
2026-09-22T10:55:04.923026+00:00,sensor.soterrani_centre_temperatura,20.4
2026-09-22T10:55:35.663706+00:00,sensor.soterrani_centre_temperatura,20.1
2026-09-22T10:56:09.256234+00:00,sensor.soterrani_centre_temperatura,19.8
2026-09-22T10:56:40.445475+00:00,sensor.soterrani_centre_temperatura,19.5
2026-09-22T10:57:14.685231+00:00,sensor.soterrani_centre_temperatura,19.2
2026-09-22T10:57:45.421241+00:00,sensor.soterrani_centre_temperatura,18.9
2026-09-22T10:58:25.381948+00:00,sensor.soterrani_centre_temperatura,18.6
2026-09-22T10:59:02.429128+00:00,sensor.soterrani_centre_temperatura,18.3
2026-09-22T10:59:44.385427+00:00,sensor.soterrani_centre_temperatura,18.0
2026-09-22T11:00:24.818789+00:00,sensor.soterrani_centre_temperatura,17.7
2026-09-22T11:01:07.935689+00:00,sensor.soterrani_centre_temperatura,17.4
2026-09-22T11:01:54.390674+00:00,sensor.soterrani_centre_temperatura,17.1
2026-09-22T11:02:38.404694+00:00,sensor.soterrani_centre_temperatura,16.8
2026-09-22T11:03:22.683501+00:00,sensor.soterrani_centre_temperatura,16.5
2026-09-22T11:03:46.411900+00:00,sensor.soterrani_centre_temperatura,16.4
2026-09-22T11:04:16.932110+00:00,sensor.soterrani_centre_temperatura,16.2
2026-09-22T11:05:07.424692+00:00,sensor.soterrani_centre_temperatura,15.9
2026-09-22T11:06:09.390738+00:00,sensor.soterrani_centre_temperatura,15.6
2026-09-22T11:07:01.927950+00:00,sensor.soterrani_centre_temperatura,15.3
2026-09-22T11:08:07.930458+00:00,sensor.soterrani_centre_temperatura,15.0
2026-09-22T11:09:16.406602+00:00,sensor.soterrani_centre_temperatura,14.7
2026-09-22T11:10:26.436041+00:00,sensor.soterrani_centre_temperatura,14.4
2026-09-22T11:11:36.937387+00:00,sensor.soterrani_centre_temperatura,14.1
2026-09-22T11:12:40.691545+00:00,sensor.soterrani_centre_temperatura,13.8
2026-09-22T11:14:04.404462+00:00,sensor.soterrani_centre_temperatura,13.5
2026-09-22T11:15:21.403546+00:00,sensor.soterrani_centre_temperatura,13.2
2026-09-22T11:16:38.410443+00:00,sensor.soterrani_centre_temperatura,12.9
2026-09-22T11:17:59.701058+00:00,sensor.soterrani_centre_temperatura,12.6
2026-09-22T11:18:48.434858+00:00,sensor.soterrani_centre_temperatura,12.5
2026-09-22T11:18:50.485678+00:00,sensor.soterrani_centre_temperatura,12.4
2026-09-22T11:19:18.694603+00:00,sensor.soterrani_centre_temperatura,12.3
2026-09-22T11:20:35.697259+00:00,sensor.soterrani_centre_temperatura,12.0
2026-09-22T11:22:03.696009+00:00,sensor.soterrani_centre_temperatura,11.7
2026-09-22T11:23:27.410116+00:00,sensor.soterrani_centre_temperatura,11.4
2026-09-22T11:25:04.420861+00:00,sensor.soterrani_centre_temperatura,11.1
2026-09-22T11:27:00.704842+00:00,sensor.soterrani_centre_temperatura,10.8
2026-09-22T11:28:55.421441+00:00,sensor.soterrani_centre_temperatura,10.5
2026-09-22T11:30:42.958011+00:00,sensor.soterrani_centre_temperatura,10.2
2026-09-22T11:33:08.429786+00:00,sensor.soterrani_centre_temperatura,9.9
2026-09-22T11:35:31.424479+00:00,sensor.soterrani_centre_temperatura,9.6
2026-09-22T11:37:47.469058+00:00,sensor.soterrani_centre_temperatura,9.3
2026-09-22T11:40:45.721381+00:00,sensor.soterrani_centre_temperatura,9.0
2026-09-22T11:43:50.463612+00:00,sensor.soterrani_centre_temperatura,8.7
2026-09-22T11:56:00.975794+00:00,sensor.soterrani_centre_temperatura,8.4
2026-09-22T12:01:00.460071+00:00,sensor.soterrani_centre_temperatura,8.1
2026-09-22T12:03:47.476239+00:00,sensor.soterrani_centre_temperatura,8.0
2026-09-22T12:06:10.448872+00:00,sensor.soterrani_centre_temperatura,7.8
2026-09-22T12:11:38.524256+00:00,sensor.soterrani_centre_temperatura,7.5
2026-09-22T12:16:59.461395+00:00,sensor.soterrani_centre_temperatura,7.2
2026-09-22T12:23:26.484648+00:00,sensor.soterrani_centre_temperatura,6.9
2026-09-22T12:30:28.767233+00:00,sensor.soterrani_centre_temperatura,6.6
2026-09-22T12:33:46.791603+00:00,sensor.soterrani_centre_temperatura,6.5
2026-09-22T12:38:21.763145+00:00,sensor.soterrani_centre_temperatura,6.3
2026-09-22T12:47:12.043766+00:00,sensor.soterrani_centre_temperatura,6.0
2026-09-22T12:57:45.530595+00:00,sensor.soterrani_centre_temperatura,5.7
2026-09-22T13:03:46.534898+00:00,sensor.soterrani_centre_temperatura,5.6
2026-09-22T13:11:37.070236+00:00,sensor.soterrani_centre_temperatura,5.4
2026-09-22T13:18:46.083642+00:00,sensor.soterrani_centre_temperatura,5.3
2026-09-22T13:28:04.813995+00:00,sensor.soterrani_centre_temperatura,5.1
2026-09-22T13:48:47.883198+00:00,sensor.soterrani_centre_temperatura,4.9
2026-09-22T13:51:21.847092+00:00,sensor.soterrani_centre_temperatura,4.8
2026-09-22T14:03:47.635071+00:00,sensor.soterrani_centre_temperatura,4.7
2026-09-22T14:18:47.650250+00:00,sensor.soterrani_centre_temperatura,4.6
2026-09-22T14:25:05.672304+00:00,sensor.soterrani_centre_temperatura,4.5
2026-09-22T14:48:46.953451+00:00,sensor.soterrani_centre_temperatura,4.7
2026-09-22T14:48:51.627535+00:00,sensor.soterrani_centre_temperatura,4.8
2026-09-22T15:18:46.656530+00:00,sensor.soterrani_centre_temperatura,5.0
2026-09-22T15:48:45.750908+00:00,sensor.soterrani_centre_temperatura,4.9
2026-09-22T16:03:45.713685+00:00,sensor.soterrani_centre_temperatura,4.8
2026-09-22T16:18:47.725793+00:00,sensor.soterrani_centre_temperatura,4.7
2026-09-22T16:30:15.758650+00:00,sensor.soterrani_centre_temperatura,4.5
2026-09-22T16:33:00.774657+00:00,sensor.soterrani_centre_temperatura,4.8
2026-09-22T16:33:47.038572+00:00,sensor.soterrani_centre_temperatura,4.9
2026-09-22T16:34:15.720077+00:00,sensor.soterrani_centre_temperatura,5.1
2026-09-22T16:35:26.003496+00:00,sensor.soterrani_centre_temperatura,5.4
2026-09-22T16:36:43.012401+00:00,sensor.soterrani_centre_temperatura,5.7
2026-09-22T16:38:15.666099+00:00,sensor.soterrani_centre_temperatura,6.0
2026-09-22T16:40:05.723690+00:00,sensor.soterrani_centre_temperatura,6.3
2026-09-22T16:43:08.025347+00:00,sensor.soterrani_centre_temperatura,6.6
2026-09-22T16:48:46.806543+00:00,sensor.soterrani_centre_temperatura,6.7
2026-09-22T16:59:11.752188+00:00,sensor.soterrani_centre_temperatura,6.3
2026-09-22T17:03:46.787379+00:00,sensor.soterrani_centre_temperatura,6.1
2026-09-22T17:03:48.848352+00:00,sensor.soterrani_centre_temperatura,6.2
2026-09-22T17:06:29.295990+00:00,sensor.soterrani_centre_temperatura,6.0
2026-09-22T17:14:11.301436+00:00,sensor.soterrani_centre_temperatura,5.7
2026-09-22T17:18:46.329260+00:00,sensor.soterrani_centre_temperatura,5.6
2026-09-22T17:23:08.075518+00:00,sensor.soterrani_centre_temperatura,5.4
2026-09-22T17:33:24.074780+00:00,sensor.soterrani_centre_temperatura,5.1
2026-09-22T17:45:10.343173+00:00,sensor.soterrani_centre_temperatura,4.8
2026-09-22T17:58:40.870726+00:00,sensor.soterrani_centre_temperatura,4.5
2026-09-22T18:15:33.911505+00:00,sensor.soterrani_centre_temperatura,4.2
2026-09-22T18:33:47.426735+00:00,sensor.soterrani_centre_temperatura,4.0
2026-09-22T18:35:26.389978+00:00,sensor.soterrani_centre_temperatura,3.9
2026-09-22T18:48:47.170298+00:00,sensor.soterrani_centre_temperatura,3.8
2026-09-22T19:01:04.159756+00:00,sensor.soterrani_centre_temperatura,3.6
2026-09-22T19:18:46.928240+00:00,sensor.soterrani_centre_temperatura,3.5
2026-09-22T19:33:46.460079+00:00,sensor.soterrani_centre_temperatura,3.6
2026-09-22T19:45:17.210654+00:00,sensor.soterrani_centre_temperatura,3.9
2026-09-22T19:56:58.970603+00:00,sensor.soterrani_centre_temperatura,4.2
2026-09-22T20:03:46.010850+00:00,sensor.soterrani_centre_temperatura,4.3
2026-09-22T20:08:20.995991+00:00,sensor.soterrani_centre_temperatura,4.5
2026-09-22T20:18:46.020991+00:00,sensor.soterrani_centre_temperatura,4.7
2026-09-22T20:21:50.554472+00:00,sensor.soterrani_centre_temperatura,4.8
2026-09-22T20:33:45.584284+00:00,sensor.soterrani_centre_temperatura,5.0
2026-09-22T20:36:08.560002+00:00,sensor.soterrani_centre_temperatura,5.1
2026-09-22T20:48:45.363196+00:00,sensor.soterrani_centre_temperatura,5.3
2026-09-22T20:52:49.590972+00:00,sensor.soterrani_centre_temperatura,5.4
2026-09-22T21:03:47.392015+00:00,sensor.soterrani_centre_temperatura,5.5
2026-09-22T21:09:41.624138+00:00,sensor.soterrani_centre_temperatura,5.7
2026-09-22T21:18:47.116461+00:00,sensor.soterrani_centre_temperatura,5.8
2026-09-22T21:30:13.570508+00:00,sensor.soterrani_centre_temperatura,6.0
2026-09-22T21:48:46.609450+00:00,sensor.soterrani_centre_temperatura,6.2
2026-09-22T21:51:20.591504+00:00,sensor.soterrani_centre_temperatura,6.3
2026-09-22T22:03:46.392070+00:00,sensor.soterrani_centre_temperatura,6.4
2026-09-22T22:15:06.133422+00:00,sensor.soterrani_centre_temperatura,6.6
2026-09-22T22:33:46.125909+00:00,sensor.soterrani_centre_temperatura,6.8
2026-09-22T22:40:13.106198+00:00,sensor.soterrani_centre_temperatura,6.9
2026-09-22T23:02:39.408655+00:00,sensor.soterrani_centre_temperatura,7.2
2026-09-22T23:03:45.438912+00:00,sensor.soterrani_centre_temperatura,7.1
2026-09-22T23:18:45.198135+00:00,sensor.soterrani_centre_temperatura,7.4
2026-09-22T23:19:58.131665+00:00,sensor.soterrani_centre_temperatura,7.5
2026-09-22T23:33:45.164573+00:00,sensor.soterrani_centre_temperatura,7.7
2026-09-22T23:48:47.180027+00:00,sensor.soterrani_centre_temperatura,7.5
2026-09-22T23:59:27.159345+00:00,sensor.soterrani_centre_temperatura,7.2
2026-09-23T00:03:46.477708+00:00,sensor.soterrani_centre_temperatura,7.1
2026-09-23T00:09:58.207810+00:00,sensor.soterrani_centre_temperatura,6.9
2026-09-23T00:18:46.253902+00:00,sensor.soterrani_centre_temperatura,6.7
2026-09-23T00:21:27.186711+00:00,sensor.soterrani_centre_temperatura,6.6
2026-09-23T00:33:46.242799+00:00,sensor.soterrani_centre_temperatura,6.3
2026-09-23T00:47:53.204717+00:00,sensor.soterrani_centre_temperatura,6.0
2026-09-23T01:03:45.510862+00:00,sensor.soterrani_centre_temperatura,5.8
2026-09-23T01:04:23.205037+00:00,sensor.soterrani_centre_temperatura,5.7
2026-09-23T01:18:45.284679+00:00,sensor.soterrani_centre_temperatura,5.5
2026-09-23T01:23:55.507309+00:00,sensor.soterrani_centre_temperatura,5.4
2026-09-23T01:33:47.309240+00:00,sensor.soterrani_centre_temperatura,5.3
2026-09-23T01:47:45.277684+00:00,sensor.soterrani_centre_temperatura,5.1
2026-09-23T01:48:44.801572+00:00,sensor.soterrani_centre_temperatura,5.2
2026-09-23T02:03:46.821824+00:00,sensor.soterrani_centre_temperatura,5.0
2026-09-23T02:18:09.263077+00:00,sensor.soterrani_centre_temperatura,4.8
2026-09-23T02:18:46.578061+00:00,sensor.soterrani_centre_temperatura,4.9
2026-09-23T02:33:46.342516+00:00,sensor.soterrani_centre_temperatura,4.7
2026-09-23T02:48:46.297149+00:00,sensor.soterrani_centre_temperatura,4.6
2026-09-23T02:55:37.310133+00:00,sensor.soterrani_centre_temperatura,4.5
2026-09-23T03:18:45.604083+00:00,sensor.soterrani_centre_temperatura,4.4
2026-09-23T03:33:45.377490+00:00,sensor.soterrani_centre_temperatura,4.3
2026-09-23T03:47:17.316473+00:00,sensor.soterrani_centre_temperatura,4.2
2026-09-23T03:48:45.346740+00:00,sensor.soterrani_centre_temperatura,4.3
2026-09-23T04:03:44.889494+00:00,sensor.soterrani_centre_temperatura,4.2
2026-09-23T04:18:44.649843+00:00,sensor.soterrani_centre_temperatura,4.1
2026-09-23T04:48:45.911788+00:00,sensor.soterrani_centre_temperatura,4.0
2026-09-23T05:02:41.919759+00:00,sensor.soterrani_centre_temperatura,3.9
2026-09-23T05:03:45.691364+00:00,sensor.soterrani_centre_temperatura,4.0
2026-09-23T05:18:45.450078+00:00,sensor.soterrani_centre_temperatura,3.9
2026-09-23T05:33:47.469415+00:00,sensor.soterrani_centre_temperatura,3.8
2026-09-23T06:08:04.432410+00:00,sensor.soterrani_centre_temperatura,4.2
2026-09-23T06:08:43.961450+00:00,sensor.soterrani_centre_temperatura,4.5
2026-09-23T06:09:19.418502+00:00,sensor.soterrani_centre_temperatura,4.8
2026-09-23T06:09:47.717385+00:00,sensor.soterrani_centre_temperatura,5.1
2026-09-23T06:10:18.460268+00:00,sensor.soterrani_centre_temperatura,5.4
2026-09-23T06:10:47.427343+00:00,sensor.soterrani_centre_temperatura,5.7
2026-09-23T06:11:15.711158+00:00,sensor.soterrani_centre_temperatura,6.0
2026-09-23T06:11:42.426689+00:00,sensor.soterrani_centre_temperatura,6.3
2026-09-23T06:12:10.729526+00:00,sensor.soterrani_centre_temperatura,6.6
2026-09-23T06:12:37.428135+00:00,sensor.soterrani_centre_temperatura,6.9
2026-09-23T06:13:03.473770+00:00,sensor.soterrani_centre_temperatura,7.2
2026-09-23T06:13:29.973589+00:00,sensor.soterrani_centre_temperatura,7.5
2026-09-23T06:13:56.429748+00:00,sensor.soterrani_centre_temperatura,7.8
2026-09-23T06:14:24.970396+00:00,sensor.soterrani_centre_temperatura,8.1
2026-09-23T06:14:49.430877+00:00,sensor.soterrani_centre_temperatura,8.4
2026-09-23T06:15:19.961430+00:00,sensor.soterrani_centre_temperatura,8.7
2026-09-23T06:15:48.467900+00:00,sensor.soterrani_centre_temperatura,9.0
2026-09-23T06:16:14.968452+00:00,sensor.soterrani_centre_temperatura,9.3
2026-09-23T06:16:43.469059+00:00,sensor.soterrani_centre_temperatura,9.6
2026-09-23T06:17:12.428358+00:00,sensor.soterrani_centre_temperatura,9.9
2026-09-23T06:17:42.986453+00:00,sensor.soterrani_centre_temperatura,10.2
2026-09-23T06:18:09.427473+00:00,sensor.soterrani_centre_temperatura,10.5
2026-09-23T06:18:42.458433+00:00,sensor.soterrani_centre_temperatura,10.8
2026-09-23T06:19:13.809441+00:00,sensor.soterrani_centre_temperatura,11.1
2026-09-23T06:19:43.971899+00:00,sensor.soterrani_centre_temperatura,11.4
2026-09-23T06:20:16.980161+00:00,sensor.soterrani_centre_temperatura,11.7
2026-09-23T06:20:52.435629+00:00,sensor.soterrani_centre_temperatura,12.0
2026-09-23T06:21:27.435727+00:00,sensor.soterrani_centre_temperatura,12.3
2026-09-23T06:22:00.446230+00:00,sensor.soterrani_centre_temperatura,12.6
2026-09-23T06:22:37.725517+00:00,sensor.soterrani_centre_temperatura,12.9
2026-09-23T06:23:12.996208+00:00,sensor.soterrani_centre_temperatura,13.2
2026-09-23T06:23:50.449186+00:00,sensor.soterrani_centre_temperatura,13.5
2026-09-23T06:24:32.446362+00:00,sensor.soterrani_centre_temperatura,13.8
2026-09-23T06:25:11.721935+00:00,sensor.soterrani_centre_temperatura,14.1
2026-09-23T06:25:56.432422+00:00,sensor.soterrani_centre_temperatura,14.4
2026-09-23T06:26:39.731971+00:00,sensor.soterrani_centre_temperatura,14.7
2026-09-23T06:27:23.742281+00:00,sensor.soterrani_centre_temperatura,15.0
2026-09-23T06:28:09.988084+00:00,sensor.soterrani_centre_temperatura,15.3
2026-09-23T06:28:58.446224+00:00,sensor.soterrani_centre_temperatura,15.6
2026-09-23T06:29:42.453334+00:00,sensor.soterrani_centre_temperatura,15.9
2026-09-23T06:30:37.444552+00:00,sensor.soterrani_centre_temperatura,16.2
2026-09-23T06:31:30.449307+00:00,sensor.soterrani_centre_temperatura,16.5
2026-09-23T06:32:25.458308+00:00,sensor.soterrani_centre_temperatura,16.8
2026-09-23T06:33:22.454182+00:00,sensor.soterrani_centre_temperatura,17.1
2026-09-23T06:33:44.485274+00:00,sensor.soterrani_centre_temperatura,17.2
2026-09-23T06:34:17.447540+00:00,sensor.soterrani_centre_temperatura,17.4
2026-09-23T06:35:20.999759+00:00,sensor.soterrani_centre_temperatura,17.7
2026-09-23T06:36:22.493434+00:00,sensor.soterrani_centre_temperatura,18.0
2026-09-23T06:37:26.465843+00:00,sensor.soterrani_centre_temperatura,18.3
2026-09-23T06:38:34.493049+00:00,sensor.soterrani_centre_temperatura,18.6
2026-09-23T06:39:45.006783+00:00,sensor.soterrani_centre_temperatura,18.9
2026-09-23T06:41:01.991696+00:00,sensor.soterrani_centre_temperatura,19.2
2026-09-23T06:42:19.005627+00:00,sensor.soterrani_centre_temperatura,19.5
2026-09-23T06:43:38.464903+00:00,sensor.soterrani_centre_temperatura,19.8
2026-09-23T06:45:06.471401+00:00,sensor.soterrani_centre_temperatura,20.1
2026-09-23T06:46:31.998591+00:00,sensor.soterrani_centre_temperatura,20.4
2026-09-23T06:48:06.513542+00:00,sensor.soterrani_centre_temperatura,20.7
2026-09-23T06:48:46.492947+00:00,sensor.soterrani_centre_temperatura,20.8
2026-09-23T06:49:43.467413+00:00,sensor.soterrani_centre_temperatura,21.0
2026-09-23T06:51:20.005725+00:00,sensor.soterrani_centre_temperatura,21.3
2026-09-23T06:53:16.510182+00:00,sensor.soterrani_centre_temperatura,21.6
2026-09-23T06:55:13.471253+00:00,sensor.soterrani_centre_temperatura,21.9
2026-09-23T06:57:16.486883+00:00,sensor.soterrani_centre_temperatura,22.2
2026-09-23T06:59:21.759840+00:00,sensor.soterrani_centre_temperatura,22.5
2026-09-23T07:01:51.478758+00:00,sensor.soterrani_centre_temperatura,22.8
2026-09-23T07:03:45.795868+00:00,sensor.soterrani_centre_temperatura,23.0
2026-09-23T07:04:07.778577+00:00,sensor.soterrani_centre_temperatura,23.1
2026-09-23T07:06:59.489685+00:00,sensor.soterrani_centre_temperatura,23.4
2026-09-23T07:09:48.768102+00:00,sensor.soterrani_centre_temperatura,23.7
2026-09-23T07:13:04.529089+00:00,sensor.soterrani_centre_temperatura,24.0
2026-09-23T07:16:20.504435+00:00,sensor.soterrani_centre_temperatura,24.3
2026-09-23T07:18:45.556297+00:00,sensor.soterrani_centre_temperatura,24.4
2026-09-23T07:20:11.501556+00:00,sensor.soterrani_centre_temperatura,24.6
2026-09-23T07:24:09.030764+00:00,sensor.soterrani_centre_temperatura,24.9
2026-09-23T07:28:50.540063+00:00,sensor.soterrani_centre_temperatura,25.2
2026-09-23T07:33:45.536202+00:00,sensor.soterrani_centre_temperatura,25.4
2026-09-23T07:34:05.054444+00:00,sensor.soterrani_centre_temperatura,25.5
2026-09-23T07:40:05.805787+00:00,sensor.soterrani_centre_temperatura,25.8
2026-09-23T07:47:34.567157+00:00,sensor.soterrani_centre_temperatura,26.1
2026-09-23T07:53:24.538636+00:00,sensor.soterrani_centre_temperatura,26.3
2026-09-23T07:53:39.825442+00:00,sensor.soterrani_centre_temperatura,26.4
2026-09-23T07:55:23.538049+00:00,sensor.soterrani_centre_temperatura,26.6
2026-09-23T07:57:37.530507+00:00,sensor.soterrani_centre_temperatura,26.9
2026-09-23T07:57:50.585306+00:00,sensor.soterrani_centre_temperatura,26.8
2026-09-23T07:58:10.547554+00:00,sensor.soterrani_centre_temperatura,26.7
2026-09-23T07:58:31.530632+00:00,sensor.soterrani_centre_temperatura,26.4
2026-09-23T07:58:48.597156+00:00,sensor.soterrani_centre_temperatura,26.1
2026-09-23T07:59:03.540544+00:00,sensor.soterrani_centre_temperatura,25.8
2026-09-23T07:59:18.585443+00:00,sensor.soterrani_centre_temperatura,25.5
2026-09-23T07:59:31.822880+00:00,sensor.soterrani_centre_temperatura,25.2
2026-09-23T07:59:47.531592+00:00,sensor.soterrani_centre_temperatura,24.9
2026-09-23T08:00:00.547186+00:00,sensor.soterrani_centre_temperatura,24.6
2026-09-23T08:00:15.819509+00:00,sensor.soterrani_centre_temperatura,24.3
2026-09-23T08:00:33.549094+00:00,sensor.soterrani_centre_temperatura,24.0
2026-09-23T08:00:46.574886+00:00,sensor.soterrani_centre_temperatura,23.7
2026-09-23T08:01:02.064372+00:00,sensor.soterrani_centre_temperatura,23.4
2026-09-23T08:01:17.537071+00:00,sensor.soterrani_centre_temperatura,23.1
2026-09-23T08:01:33.604220+00:00,sensor.soterrani_centre_temperatura,22.8
2026-09-23T08:01:48.534463+00:00,sensor.soterrani_centre_temperatura,22.5
2026-09-23T08:02:03.572132+00:00,sensor.soterrani_centre_temperatura,22.2
2026-09-23T08:02:21.579521+00:00,sensor.soterrani_centre_temperatura,21.9
2026-09-23T08:02:36.578210+00:00,sensor.soterrani_centre_temperatura,21.6
2026-09-23T08:02:55.390944+00:00,sensor.soterrani_centre_temperatura,21.3
2026-09-23T08:03:12.597580+00:00,sensor.soterrani_centre_temperatura,21.0
2026-09-23T08:03:31.593211+00:00,sensor.soterrani_centre_temperatura,20.7
2026-09-23T08:03:44.851572+00:00,sensor.soterrani_centre_temperatura,20.5
2026-09-23T08:03:51.546147+00:00,sensor.soterrani_centre_temperatura,20.4
2026-09-23T08:04:11.550455+00:00,sensor.soterrani_centre_temperatura,20.1
2026-09-23T08:04:33.548725+00:00,sensor.soterrani_centre_temperatura,19.8
2026-09-23T08:04:53.077744+00:00,sensor.soterrani_centre_temperatura,19.5
2026-09-23T08:05:17.082260+00:00,sensor.soterrani_centre_temperatura,19.2
2026-09-23T08:05:41.537399+00:00,sensor.soterrani_centre_temperatura,18.9
2026-09-23T08:06:03.547380+00:00,sensor.soterrani_centre_temperatura,18.6
2026-09-23T08:06:29.577073+00:00,sensor.soterrani_centre_temperatura,18.3
2026-09-23T08:06:53.825186+00:00,sensor.soterrani_centre_temperatura,18.0
2026-09-23T08:07:20.540006+00:00,sensor.soterrani_centre_temperatura,17.7
2026-09-23T08:07:46.589002+00:00,sensor.soterrani_centre_temperatura,17.4
2026-09-23T08:08:13.086788+00:00,sensor.soterrani_centre_temperatura,17.1
2026-09-23T08:08:41.580390+00:00,sensor.soterrani_centre_temperatura,16.8
2026-09-23T08:09:12.538568+00:00,sensor.soterrani_centre_temperatura,16.5
2026-09-23T08:09:43.540586+00:00,sensor.soterrani_centre_temperatura,16.2
2026-09-23T08:10:14.073407+00:00,sensor.soterrani_centre_temperatura,15.9
2026-09-23T08:10:50.161719+00:00,sensor.soterrani_centre_temperatura,15.6
2026-09-23T08:11:24.548461+00:00,sensor.soterrani_centre_temperatura,15.3
2026-09-23T08:12:01.824538+00:00,sensor.soterrani_centre_temperatura,15.0
2026-09-23T08:12:39.549525+00:00,sensor.soterrani_centre_temperatura,14.7
2026-09-23T08:13:16.601845+00:00,sensor.soterrani_centre_temperatura,14.4
2026-09-23T08:14:02.837394+00:00,sensor.soterrani_centre_temperatura,14.1
2026-09-23T08:14:49.089723+00:00,sensor.soterrani_centre_temperatura,13.8
2026-09-23T08:15:37.543940+00:00,sensor.soterrani_centre_temperatura,13.5
2026-09-23T08:16:30.546641+00:00,sensor.soterrani_centre_temperatura,13.2
2026-09-23T08:17:20.840304+00:00,sensor.soterrani_centre_temperatura,12.9
2026-09-23T08:18:18.090959+00:00,sensor.soterrani_centre_temperatura,12.6
2026-09-23T08:18:44.572192+00:00,sensor.soterrani_centre_temperatura,12.5
2026-09-23T08:19:26.104025+00:00,sensor.soterrani_centre_temperatura,12.3
2026-09-23T08:20:27.601749+00:00,sensor.soterrani_centre_temperatura,12.0
2026-09-23T08:21:33.552410+00:00,sensor.soterrani_centre_temperatura,11.7
2026-09-23T08:22:46.091693+00:00,sensor.soterrani_centre_temperatura,11.4
2026-09-23T08:24:03.093226+00:00,sensor.soterrani_centre_temperatura,11.1
2026-09-23T08:25:28.844266+00:00,sensor.soterrani_centre_temperatura,10.8
2026-09-23T08:27:04.579133+00:00,sensor.soterrani_centre_temperatura,10.5
2026-09-23T08:28:32.325199+00:00,sensor.soterrani_centre_temperatura,10.2
2026-09-23T08:29:24.586713+00:00,sensor.soterrani_centre_temperatura,10.1
2026-09-23T08:30:10.579600+00:00,sensor.soterrani_centre_temperatura,10.2
2026-09-23T08:31:01.121931+00:00,sensor.soterrani_centre_temperatura,10.5
2026-09-23T08:31:49.576197+00:00,sensor.soterrani_centre_temperatura,10.8
2026-09-23T08:32:40.116951+00:00,sensor.soterrani_centre_temperatura,11.1
2026-09-23T08:33:30.623839+00:00,sensor.soterrani_centre_temperatura,11.4
2026-09-23T08:34:23.574883+00:00,sensor.soterrani_centre_temperatura,11.7
2026-09-23T08:35:25.107333+00:00,sensor.soterrani_centre_temperatura,12.0
2026-09-23T08:36:44.578837+00:00,sensor.soterrani_centre_temperatura,12.3
2026-09-23T08:38:38.619049+00:00,sensor.soterrani_centre_temperatura,12.6
2026-09-23T08:44:06.577818+00:00,sensor.soterrani_centre_temperatura,12.9
2026-09-23T08:48:45.876906+00:00,sensor.soterrani_centre_temperatura,12.7
2026-09-23T08:48:54.622269+00:00,sensor.soterrani_centre_temperatura,12.6
2026-09-23T08:53:29.612367+00:00,sensor.soterrani_centre_temperatura,12.3
2026-09-23T08:57:36.111639+00:00,sensor.soterrani_centre_temperatura,12.0
2026-09-23T09:01:20.581592+00:00,sensor.soterrani_centre_temperatura,11.7
2026-09-23T09:03:45.649030+00:00,sensor.soterrani_centre_temperatura,11.6
2026-09-23T09:05:09.574006+00:00,sensor.soterrani_centre_temperatura,11.4
2026-09-23T09:09:06.882438+00:00,sensor.soterrani_centre_temperatura,11.1
2026-09-23T09:13:02.587165+00:00,sensor.soterrani_centre_temperatura,10.8
2026-09-23T09:17:13.125297+00:00,sensor.soterrani_centre_temperatura,10.5
2026-09-23T09:18:45.621093+00:00,sensor.soterrani_centre_temperatura,10.4
2026-09-23T09:21:36.887605+00:00,sensor.soterrani_centre_temperatura,10.2
2026-09-23T09:26:01.038183+00:00,sensor.soterrani_centre_temperatura,9.9
2026-09-23T09:30:44.641400+00:00,sensor.soterrani_centre_temperatura,9.6
2026-09-23T09:33:45.163797+00:00,sensor.soterrani_centre_temperatura,9.5
2026-09-23T09:35:48.612183+00:00,sensor.soterrani_centre_temperatura,9.3
2026-09-23T09:41:13.895569+00:00,sensor.soterrani_centre_temperatura,9.0
2026-09-23T09:46:50.633797+00:00,sensor.soterrani_centre_temperatura,8.7
2026-09-23T09:48:44.941240+00:00,sensor.soterrani_centre_temperatura,8.6
2026-09-23T09:51:45.629914+00:00,sensor.soterrani_centre_temperatura,9.0
2026-09-23T09:52:27.172571+00:00,sensor.soterrani_centre_temperatura,9.3
2026-09-23T09:52:57.922893+00:00,sensor.soterrani_centre_temperatura,9.6
2026-09-23T09:53:28.668194+00:00,sensor.soterrani_centre_temperatura,9.9
2026-09-23T09:53:55.909669+00:00,sensor.soterrani_centre_temperatura,10.2
2026-09-23T09:54:22.646878+00:00,sensor.soterrani_centre_temperatura,10.5
2026-09-23T09:54:48.779117+00:00,sensor.soterrani_centre_temperatura,10.8
2026-09-23T09:55:15.217197+00:00,sensor.soterrani_centre_temperatura,11.1
2026-09-23T09:55:39.647546+00:00,sensor.soterrani_centre_temperatura,11.4
2026-09-23T09:56:04.912300+00:00,sensor.soterrani_centre_temperatura,11.7
2026-09-23T09:56:29.167300+00:00,sensor.soterrani_centre_temperatura,12.0
2026-09-23T09:56:55.939556+00:00,sensor.soterrani_centre_temperatura,12.3
2026-09-23T09:57:19.655610+00:00,sensor.soterrani_centre_temperatura,12.6
2026-09-23T09:57:52.646850+00:00,sensor.soterrani_centre_temperatura,12.9
2026-09-23T09:58:12.630298+00:00,sensor.soterrani_centre_temperatura,13.2
2026-09-23T09:58:38.923352+00:00,sensor.soterrani_centre_temperatura,13.5
2026-09-23T09:59:07.631927+00:00,sensor.soterrani_centre_temperatura,13.8
2026-09-23T09:59:35.652801+00:00,sensor.soterrani_centre_temperatura,14.1
2026-09-23T10:00:02.628773+00:00,sensor.soterrani_centre_temperatura,14.4
2026-09-23T10:00:31.186378+00:00,sensor.soterrani_centre_temperatura,14.7
2026-09-23T10:00:59.953684+00:00,sensor.soterrani_centre_temperatura,15.0
2026-09-23T10:01:30.631437+00:00,sensor.soterrani_centre_temperatura,15.3
2026-09-23T10:02:03.637945+00:00,sensor.soterrani_centre_temperatura,15.6
2026-09-23T10:02:34.635524+00:00,sensor.soterrani_centre_temperatura,15.9
2026-09-23T10:03:07.630151+00:00,sensor.soterrani_centre_temperatura,16.2
2026-09-23T10:03:42.632476+00:00,sensor.soterrani_centre_temperatura,16.5
2026-09-23T10:04:17.679224+00:00,sensor.soterrani_centre_temperatura,16.8
2026-09-23T10:04:57.644542+00:00,sensor.soterrani_centre_temperatura,17.1
2026-09-23T10:05:36.930119+00:00,sensor.soterrani_centre_temperatura,17.4
2026-09-23T10:06:12.177769+00:00,sensor.soterrani_centre_temperatura,17.7
2026-09-23T10:06:53.916691+00:00,sensor.soterrani_centre_temperatura,18.0
2026-09-23T10:07:37.916415+00:00,sensor.soterrani_centre_temperatura,18.3
2026-09-23T10:08:26.647148+00:00,sensor.soterrani_centre_temperatura,18.6
2026-09-23T10:09:11.665383+00:00,sensor.soterrani_centre_temperatura,18.9
2026-09-23T10:09:56.643683+00:00,sensor.soterrani_centre_temperatura,19.2
2026-09-23T10:10:51.637336+00:00,sensor.soterrani_centre_temperatura,19.5
2026-09-23T10:11:42.175987+00:00,sensor.soterrani_centre_temperatura,19.8
2026-09-23T10:12:37.200341+00:00,sensor.soterrani_centre_temperatura,20.1
2026-09-23T10:13:36.645423+00:00,sensor.soterrani_centre_temperatura,20.4
2026-09-23T10:14:40.638139+00:00,sensor.soterrani_centre_temperatura,20.7
2026-09-23T10:15:46.645128+00:00,sensor.soterrani_centre_temperatura,21.0
2026-09-23T10:16:58.952288+00:00,sensor.soterrani_centre_temperatura,21.3
2026-09-23T10:18:09.661424+00:00,sensor.soterrani_centre_temperatura,21.6
2026-09-23T10:18:45.915498+00:00,sensor.soterrani_centre_temperatura,21.7
2026-09-23T10:19:28.647140+00:00,sensor.soterrani_centre_temperatura,21.9
2026-09-23T10:20:52.186457+00:00,sensor.soterrani_centre_temperatura,22.2
2026-09-23T10:22:15.694622+00:00,sensor.soterrani_centre_temperatura,22.5
2026-09-23T10:23:52.648893+00:00,sensor.soterrani_centre_temperatura,22.8
2026-09-23T10:24:40.958287+00:00,sensor.soterrani_centre_temperatura,23.1
2026-09-23T10:25:24.942504+00:00,sensor.soterrani_centre_temperatura,23.4
2026-09-23T10:26:24.668554+00:00,sensor.soterrani_centre_temperatura,23.7
2026-09-23T10:27:17.205715+00:00,sensor.soterrani_centre_temperatura,24.0
2026-09-23T10:28:27.677864+00:00,sensor.soterrani_centre_temperatura,24.3
2026-09-23T10:29:37.951383+00:00,sensor.soterrani_centre_temperatura,24.6
2026-09-23T10:31:10.672354+00:00,sensor.soterrani_centre_temperatura,24.9
2026-09-23T10:33:02.677733+00:00,sensor.soterrani_centre_temperatura,25.2
2026-09-23T10:33:44.685137+00:00,sensor.soterrani_centre_temperatura,25.3
2026-09-23T10:33:46.746284+00:00,sensor.soterrani_centre_temperatura,25.2
2026-09-23T10:35:05.680824+00:00,sensor.soterrani_centre_temperatura,25.5
2026-09-23T10:37:59.678461+00:00,sensor.soterrani_centre_temperatura,25.8
2026-09-23T10:41:19.668490+00:00,sensor.soterrani_centre_temperatura,26.1
2026-09-23T10:45:06.212485+00:00,sensor.soterrani_centre_temperatura,26.4
2026-09-23T10:48:43.992756+00:00,sensor.soterrani_centre_temperatura,26.5
2026-09-23T10:51:02.678766+00:00,sensor.soterrani_centre_temperatura,26.7
2026-09-23T11:03:43.765998+00:00,sensor.soterrani_centre_temperatura,26.9
2026-09-23T11:07:06.251824+00:00,sensor.soterrani_centre_temperatura,27.0
2026-09-23T11:18:43.729616+00:00,sensor.soterrani_centre_temperatura,27.1
2026-09-23T11:33:45.749760+00:00,sensor.soterrani_centre_temperatura,27.2
2026-09-20T22:42:41.632139+00:00,sensor.soterrani_centre_humitat,unavailable
2026-09-20T22:42:42.051209+00:00,sensor.soterrani_centre_humitat,60.0
2026-09-20T23:03:57.223221+00:00,sensor.soterrani_centre_humitat,59.0
2026-09-20T23:18:52.945560+00:00,sensor.soterrani_centre_humitat,57.0
2026-09-20T23:28:57.931125+00:00,sensor.soterrani_centre_humitat,55.0
2026-09-20T23:48:52.487882+00:00,sensor.soterrani_centre_humitat,57.0
2026-09-21T00:14:44.778912+00:00,sensor.soterrani_centre_humitat,unavailable
2026-09-21T00:15:06.931098+00:00,sensor.soterrani_centre_humitat,57.0
2026-09-21T01:33:52.828148+00:00,sensor.soterrani_centre_humitat,58.0
2026-09-21T01:34:45.948026+00:00,sensor.soterrani_centre_humitat,unavailable
2026-09-21T01:34:53.778520+00:00,sensor.soterrani_centre_humitat,58.0
2026-09-21T02:48:51.652763+00:00,sensor.soterrani_centre_humitat,57.0
2026-09-21T04:03:52.675689+00:00,sensor.soterrani_centre_humitat,56.0
2026-09-21T05:33:53.067278+00:00,sensor.soterrani_centre_humitat,55.0
2026-09-21T05:48:52.833759+00:00,sensor.soterrani_centre_humitat,56.0
2026-09-21T06:33:52.122244+00:00,sensor.soterrani_centre_humitat,55.0
2026-09-21T07:37:35.424394+00:00,sensor.soterrani_centre_humitat,53.0
2026-09-21T07:45:56.921568+00:00,sensor.soterrani_centre_humitat,52.0
2026-09-21T08:33:51.993918+00:00,sensor.soterrani_centre_humitat,53.0
2026-09-21T08:39:24.222100+00:00,sensor.soterrani_centre_humitat,51.0
2026-09-21T08:48:51.969225+00:00,sensor.soterrani_centre_humitat,50.0
2026-09-21T09:00:26.955378+00:00,sensor.soterrani_centre_humitat,49.0
2026-09-21T09:18:51.288351+00:00,sensor.soterrani_centre_humitat,50.0
2026-09-21T09:33:51.146735+00:00,sensor.soterrani_centre_humitat,49.0
2026-09-21T09:48:51.034705+00:00,sensor.soterrani_centre_humitat,48.0
2026-09-21T10:03:50.578714+00:00,sensor.soterrani_centre_humitat,49.0
2026-09-21T10:04:12.566932+00:00,sensor.soterrani_centre_humitat,50.0
2026-09-21T10:09:49.061281+00:00,sensor.soterrani_centre_humitat,53.0
2026-09-21T10:11:43.564095+00:00,sensor.soterrani_centre_humitat,56.0
2026-09-21T10:17:40.040875+00:00,sensor.soterrani_centre_humitat,59.0
2026-09-21T10:32:15.590019+00:00,sensor.soterrani_centre_humitat,61.0
2026-09-21T10:48:50.102895+00:00,sensor.soterrani_centre_humitat,62.0
2026-09-21T10:53:53.363002+00:00,sensor.soterrani_centre_humitat,63.0
2026-09-21T11:17:05.635022+00:00,sensor.soterrani_centre_humitat,64.0
2026-09-21T11:33:51.140775+00:00,sensor.soterrani_centre_humitat,65.0
2026-09-21T12:03:50.215450+00:00,sensor.soterrani_centre_humitat,66.0
2026-09-21T12:33:52.199301+00:00,sensor.soterrani_centre_humitat,67.0
2026-09-21T13:03:51.229546+00:00,sensor.soterrani_centre_humitat,68.0
2026-09-21T13:13:14.213386+00:00,sensor.soterrani_centre_humitat,63.0
2026-09-21T13:16:08.216768+00:00,sensor.soterrani_centre_humitat,66.0
2026-09-21T13:33:50.561948+00:00,sensor.soterrani_centre_humitat,67.0
2026-09-21T13:48:50.323862+00:00,sensor.soterrani_centre_humitat,68.0
2026-09-21T14:18:49.848922+00:00,sensor.soterrani_centre_humitat,69.0
2026-09-21T14:48:51.638115+00:00,sensor.soterrani_centre_humitat,70.0
2026-09-21T15:33:50.668010+00:00,sensor.soterrani_centre_humitat,71.0
2026-09-21T16:33:49.745697+00:00,sensor.soterrani_centre_humitat,72.0
2026-09-21T17:03:49.486153+00:00,sensor.soterrani_centre_humitat,73.0
2026-09-21T18:03:10.806833+00:00,sensor.soterrani_centre_humitat,72.0
2026-09-21T18:09:26.822339+00:00,sensor.soterrani_centre_humitat,71.0
2026-09-21T18:48:49.630360+00:00,sensor.soterrani_centre_humitat,72.0
2026-09-21T19:48:48.650352+00:00,sensor.soterrani_centre_humitat,73.0
2026-09-21T21:03:49.239415+00:00,sensor.soterrani_centre_humitat,74.0
2026-09-22T02:48:47.988176+00:00,sensor.soterrani_centre_humitat,75.0
2026-09-22T06:45:48.154610+00:00,sensor.soterrani_centre_humitat,74.0
2026-09-22T08:03:46.766042+00:00,sensor.soterrani_centre_humitat,75.0
2026-09-22T10:45:26.366502+00:00,sensor.soterrani_centre_humitat,72.0
2026-09-22T10:46:22.255625+00:00,sensor.soterrani_centre_humitat,68.0
2026-09-22T10:46:30.367927+00:00,sensor.soterrani_centre_humitat,64.0
2026-09-22T10:46:36.656951+00:00,sensor.soterrani_centre_humitat,60.0
2026-09-22T10:46:45.403523+00:00,sensor.soterrani_centre_humitat,57.0
2026-09-22T10:46:58.666645+00:00,sensor.soterrani_centre_humitat,54.0
2026-09-22T10:47:11.906697+00:00,sensor.soterrani_centre_humitat,52.0
2026-09-22T10:47:25.766675+00:00,sensor.soterrani_centre_humitat,51.0
2026-09-22T10:48:20.370084+00:00,sensor.soterrani_centre_humitat,50.0
2026-09-22T10:49:05.023059+00:00,sensor.soterrani_centre_humitat,49.0
2026-09-22T10:49:37.919636+00:00,sensor.soterrani_centre_humitat,48.0
2026-09-22T10:50:14.941543+00:00,sensor.soterrani_centre_humitat,47.0
2026-09-22T10:50:55.099943+00:00,sensor.soterrani_centre_humitat,46.0
2026-09-22T10:51:40.379644+00:00,sensor.soterrani_centre_humitat,45.0
2026-09-22T10:52:26.422497+00:00,sensor.soterrani_centre_humitat,44.0
2026-09-22T10:54:09.908267+00:00,sensor.soterrani_centre_humitat,43.0
2026-09-22T10:57:14.671629+00:00,sensor.soterrani_centre_humitat,42.0
2026-09-22T11:00:24.834662+00:00,sensor.soterrani_centre_humitat,43.0
2026-09-22T11:01:07.925546+00:00,sensor.soterrani_centre_humitat,41.0
2026-09-22T11:01:54.388884+00:00,sensor.soterrani_centre_humitat,42.0
2026-09-22T11:02:38.392262+00:00,sensor.soterrani_centre_humitat,41.0
2026-09-22T11:16:38.402283+00:00,sensor.soterrani_centre_humitat,40.0
2026-09-22T11:17:59.691993+00:00,sensor.soterrani_centre_humitat,41.0
2026-09-22T11:18:48.425757+00:00,sensor.soterrani_centre_humitat,40.0
2026-09-22T11:20:35.689097+00:00,sensor.soterrani_centre_humitat,39.0
2026-09-22T11:25:04.415082+00:00,sensor.soterrani_centre_humitat,40.0
2026-09-22T11:28:55.413254+00:00,sensor.soterrani_centre_humitat,39.0
2026-09-22T11:33:08.421725+00:00,sensor.soterrani_centre_humitat,40.0
2026-09-22T11:44:39.818386+00:00,sensor.soterrani_centre_humitat,44.0
2026-09-22T11:44:49.749933+00:00,sensor.soterrani_centre_humitat,48.0
2026-09-22T11:45:05.439630+00:00,sensor.soterrani_centre_humitat,51.0
2026-09-22T11:45:40.472494+00:00,sensor.soterrani_centre_humitat,54.0
2026-09-22T11:47:41.473606+00:00,sensor.soterrani_centre_humitat,57.0
2026-09-22T12:01:00.447720+00:00,sensor.soterrani_centre_humitat,58.0
2026-09-22T12:11:38.514094+00:00,sensor.soterrani_centre_humitat,59.0
2026-09-22T12:23:26.474390+00:00,sensor.soterrani_centre_humitat,60.0
2026-09-22T12:47:12.029407+00:00,sensor.soterrani_centre_humitat,61.0
2026-09-22T13:11:37.058483+00:00,sensor.soterrani_centre_humitat,62.0
2026-09-22T13:48:47.872941+00:00,sensor.soterrani_centre_humitat,63.0
2026-09-22T14:48:46.945585+00:00,sensor.soterrani_centre_humitat,64.0
2026-09-22T15:48:45.736713+00:00,sensor.soterrani_centre_humitat,65.0
2026-09-22T16:33:00.758300+00:00,sensor.soterrani_centre_humitat,66.0
2026-09-22T16:33:47.028486+00:00,sensor.soterrani_centre_humitat,67.0
2026-09-22T16:43:08.017701+00:00,sensor.soterrani_centre_humitat,66.0
2026-09-22T16:59:11.741968+00:00,sensor.soterrani_centre_humitat,67.0
2026-09-22T17:23:08.067783+00:00,sensor.soterrani_centre_humitat,68.0
2026-09-22T17:58:40.863162+00:00,sensor.soterrani_centre_humitat,69.0
2026-09-22T19:18:46.919562+00:00,sensor.soterrani_centre_humitat,70.0
2026-09-22T20:21:50.543755+00:00,sensor.soterrani_centre_humitat,69.0
2026-09-22T21:48:46.599106+00:00,sensor.soterrani_centre_humitat,70.0
2026-09-23T00:18:46.247183+00:00,sensor.soterrani_centre_humitat,71.0
2026-09-23T00:47:53.192857+00:00,sensor.soterrani_centre_humitat,72.0
2026-09-23T02:03:46.814960+00:00,sensor.soterrani_centre_humitat,73.0
2026-09-23T05:02:41.912246+00:00,sensor.soterrani_centre_humitat,74.0
2026-09-23T06:08:04.424886+00:00,sensor.soterrani_centre_humitat,75.0
2026-09-23T06:08:43.953831+00:00,sensor.soterrani_centre_humitat,76.0
2026-09-23T06:09:47.712285+00:00,sensor.soterrani_centre_humitat,77.0
2026-09-23T06:10:47.416449+00:00,sensor.soterrani_centre_humitat,78.0
2026-09-23T06:12:10.723986+00:00,sensor.soterrani_centre_humitat,79.0
2026-09-23T06:14:49.423353+00:00,sensor.soterrani_centre_humitat,80.0
2026-09-23T06:18:42.445741+00:00,sensor.soterrani_centre_humitat,79.0
2026-09-23T06:23:12.980422+00:00,sensor.soterrani_centre_humitat,78.0
2026-09-23T06:27:23.732236+00:00,sensor.soterrani_centre_humitat,77.0
2026-09-23T06:32:25.448336+00:00,sensor.soterrani_centre_humitat,76.0
2026-09-23T06:37:26.458340+00:00,sensor.soterrani_centre_humitat,75.0
2026-09-23T06:45:06.467073+00:00,sensor.soterrani_centre_humitat,74.0
2026-09-23T06:57:16.479301+00:00,sensor.soterrani_centre_humitat,73.0
2026-09-23T07:47:34.559234+00:00,sensor.soterrani_centre_humitat,72.0
2026-09-23T07:53:24.530925+00:00,sensor.soterrani_centre_humitat,69.0
2026-09-23T07:53:39.814725+00:00,sensor.soterrani_centre_humitat,66.0
2026-09-23T07:55:23.527615+00:00,sensor.soterrani_centre_humitat,63.0
2026-09-23T07:57:37.526278+00:00,sensor.soterrani_centre_humitat,65.0
2026-09-23T07:57:50.573515+00:00,sensor.soterrani_centre_humitat,62.0
2026-09-23T07:57:57.534730+00:00,sensor.soterrani_centre_humitat,59.0
2026-09-23T07:58:10.537138+00:00,sensor.soterrani_centre_humitat,56.0
2026-09-23T07:58:31.521992+00:00,sensor.soterrani_centre_humitat,54.0
2026-09-23T07:58:48.592301+00:00,sensor.soterrani_centre_humitat,53.0
2026-09-23T07:59:03.535815+00:00,sensor.soterrani_centre_humitat,52.0
2026-09-23T07:59:18.581189+00:00,sensor.soterrani_centre_humitat,51.0
2026-09-23T07:59:31.817760+00:00,sensor.soterrani_centre_humitat,50.0
2026-09-23T08:00:00.534143+00:00,sensor.soterrani_centre_humitat,49.0
2026-09-23T08:00:15.817575+00:00,sensor.soterrani_centre_humitat,48.0
2026-09-23T08:00:33.544302+00:00,sensor.soterrani_centre_humitat,46.0
2026-09-23T08:01:17.534986+00:00,sensor.soterrani_centre_humitat,45.0
2026-09-23T08:01:33.601240+00:00,sensor.soterrani_centre_humitat,44.0
2026-09-23T08:02:03.567468+00:00,sensor.soterrani_centre_humitat,43.0
2026-09-23T08:03:12.592743+00:00,sensor.soterrani_centre_humitat,42.0
2026-09-23T08:06:03.542727+00:00,sensor.soterrani_centre_humitat,41.0
2026-09-23T08:07:46.586209+00:00,sensor.soterrani_centre_humitat,40.0
2026-09-23T08:08:13.081929+00:00,sensor.soterrani_centre_humitat,41.0
2026-09-23T08:08:41.576155+00:00,sensor.soterrani_centre_humitat,40.0
2026-09-23T08:11:24.542942+00:00,sensor.soterrani_centre_humitat,39.0
2026-09-23T08:19:26.090296+00:00,sensor.soterrani_centre_humitat,40.0
2026-09-23T08:20:27.593676+00:00,sensor.soterrani_centre_humitat,39.0
2026-09-23T08:29:24.577035+00:00,sensor.soterrani_centre_humitat,42.0
2026-09-23T08:29:37.605768+00:00,sensor.soterrani_centre_humitat,45.0
2026-09-23T08:30:10.567969+00:00,sensor.soterrani_centre_humitat,48.0
2026-09-23T08:31:01.109797+00:00,sensor.soterrani_centre_humitat,51.0
2026-09-23T08:31:49.566817+00:00,sensor.soterrani_centre_humitat,54.0
2026-09-23T08:32:40.109223+00:00,sensor.soterrani_centre_humitat,57.0
2026-09-23T08:33:30.612440+00:00,sensor.soterrani_centre_humitat,60.0
2026-09-23T08:34:23.563370+00:00,sensor.soterrani_centre_humitat,61.0
2026-09-23T08:35:25.095618+00:00,sensor.soterrani_centre_humitat,63.0
2026-09-23T08:36:44.569092+00:00,sensor.soterrani_centre_humitat,64.0
2026-09-23T08:38:38.603848+00:00,sensor.soterrani_centre_humitat,66.0
2026-09-23T08:44:06.562166+00:00,sensor.soterrani_centre_humitat,67.0
2026-09-23T08:48:54.611001+00:00,sensor.soterrani_centre_humitat,68.0
2026-09-23T09:01:20.572106+00:00,sensor.soterrani_centre_humitat,69.0
2026-09-23T09:09:06.869596+00:00,sensor.soterrani_centre_humitat,70.0
2026-09-23T09:21:36.877558+00:00,sensor.soterrani_centre_humitat,71.0
2026-09-23T09:46:50.623967+00:00,sensor.soterrani_centre_humitat,72.0
2026-09-23T09:51:45.619753+00:00,sensor.soterrani_centre_humitat,73.0
2026-09-23T09:52:27.161053+00:00,sensor.soterrani_centre_humitat,74.0
2026-09-23T09:52:57.912807+00:00,sensor.soterrani_centre_humitat,75.0
2026-09-23T09:54:48.771013+00:00,sensor.soterrani_centre_humitat,76.0
2026-09-23T09:57:52.635491+00:00,sensor.soterrani_centre_humitat,75.0
2026-09-23T10:00:31.176361+00:00,sensor.soterrani_centre_humitat,74.0
2026-09-23T10:02:03.628619+00:00,sensor.soterrani_centre_humitat,73.0
2026-09-23T10:04:17.672251+00:00,sensor.soterrani_centre_humitat,72.0
2026-09-23T10:06:12.172029+00:00,sensor.soterrani_centre_humitat,71.0
2026-09-23T10:09:11.652669+00:00,sensor.soterrani_centre_humitat,70.0
2026-09-23T10:12:37.180691+00:00,sensor.soterrani_centre_humitat,69.0
2026-09-23T10:16:58.936252+00:00,sensor.soterrani_centre_humitat,68.0
2026-09-23T10:24:40.944092+00:00,sensor.soterrani_centre_humitat,66.0
2026-09-23T10:26:24.658196+00:00,sensor.soterrani_centre_humitat,65.0
2026-09-23T10:27:17.189173+00:00,sensor.soterrani_centre_humitat,64.0
2026-09-23T10:28:27.661763+00:00,sensor.soterrani_centre_humitat,63.0
2026-09-23T10:31:10.660848+00:00,sensor.soterrani_centre_humitat,62.0
2026-09-23T10:33:02.667335+00:00,sensor.soterrani_centre_humitat,61.0
2026-09-23T10:35:05.671391+00:00,sensor.soterrani_centre_humitat,60.0
2026-09-23T10:37:59.666105+00:00,sensor.soterrani_centre_humitat,59.0
2026-09-23T10:45:06.204600+00:00,sensor.soterrani_centre_humitat,57.0
2026-09-23T11:03:43.756545+00:00,sensor.soterrani_centre_humitat,56.0
2026-09-23T11:07:06.241555+00:00,sensor.soterrani_centre_humitat,55.0
2026-09-20T22:42:41.653908+00:00,sensor.soterrani_gran_temperatura,unavailable
2026-09-20T22:42:42.052244+00:00,sensor.soterrani_gran_temperatura,27.0
2026-09-20T23:20:44.763953+00:00,sensor.soterrani_gran_temperatura,26.9
2026-09-20T23:50:44.240714+00:00,sensor.soterrani_gran_temperatura,26.8
2026-09-21T00:14:44.778984+00:00,sensor.soterrani_gran_temperatura,unavailable
2026-09-21T00:15:06.946447+00:00,sensor.soterrani_gran_temperatura,26.8
2026-09-21T01:34:45.952321+00:00,sensor.soterrani_gran_temperatura,unavailable
2026-09-21T01:34:53.789063+00:00,sensor.soterrani_gran_temperatura,26.8
2026-09-21T03:35:43.208620+00:00,sensor.soterrani_gran_temperatura,26.7
2026-09-21T05:09:14.650423+00:00,sensor.soterrani_gran_temperatura,26.6
2026-09-21T05:20:44.246041+00:00,sensor.soterrani_gran_temperatura,26.7
2026-09-21T07:39:09.816891+00:00,sensor.soterrani_gran_temperatura,26.6
2026-09-21T07:48:40.830295+00:00,sensor.soterrani_gran_temperatura,26.3
2026-09-21T07:50:43.461796+00:00,sensor.soterrani_gran_temperatura,26.4
2026-09-21T08:05:44.173286+00:00,sensor.soterrani_gran_temperatura,26.5
2026-09-21T08:14:43.055298+00:00,sensor.soterrani_gran_temperatura,26.6
2026-09-21T08:35:43.634023+00:00,sensor.soterrani_gran_temperatura,26.5
2026-09-21T08:39:50.976547+00:00,sensor.soterrani_gran_temperatura,26.3
2026-09-21T08:50:42.371642+00:00,sensor.soterrani_gran_temperatura,26.2
2026-09-21T09:00:33.526128+00:00,sensor.soterrani_gran_temperatura,26.0
2026-09-21T09:20:43.849202+00:00,sensor.soterrani_gran_temperatura,25.9
2026-09-21T09:35:42.569961+00:00,sensor.soterrani_gran_temperatura,25.8
2026-09-21T09:39:45.919785+00:00,sensor.soterrani_gran_temperatura,25.7
2026-09-21T10:05:42.986975+00:00,sensor.soterrani_gran_temperatura,25.9
2026-09-21T10:05:55.105952+00:00,sensor.soterrani_gran_temperatura,26.0
2026-09-21T10:08:15.839828+00:00,sensor.soterrani_gran_temperatura,26.3
2026-09-21T10:10:01.915749+00:00,sensor.soterrani_gran_temperatura,26.6
2026-09-21T10:13:31.572940+00:00,sensor.soterrani_gran_temperatura,26.9
2026-09-21T10:20:43.791194+00:00,sensor.soterrani_gran_temperatura,27.1
2026-09-21T10:23:48.814851+00:00,sensor.soterrani_gran_temperatura,27.2
2026-09-21T10:35:42.533064+00:00,sensor.soterrani_gran_temperatura,27.3
2026-09-21T10:43:49.127581+00:00,sensor.soterrani_gran_temperatura,27.5
2026-09-21T11:05:41.987335+00:00,sensor.soterrani_gran_temperatura,27.7
2026-09-21T11:09:15.155197+00:00,sensor.soterrani_gran_temperatura,27.8
2026-09-21T11:20:46.003628+00:00,sensor.soterrani_gran_temperatura,27.9
2026-09-21T11:30:55.989172+00:00,sensor.soterrani_gran_temperatura,28.1
2026-09-21T11:35:43.487940+00:00,sensor.soterrani_gran_temperatura,28.2
2026-09-21T11:42:03.528055+00:00,sensor.soterrani_gran_temperatura,28.4
2026-09-21T11:50:42.229118+00:00,sensor.soterrani_gran_temperatura,28.5
2026-09-21T11:59:31.046184+00:00,sensor.soterrani_gran_temperatura,28.7
2026-09-21T12:20:41.666854+00:00,sensor.soterrani_gran_temperatura,28.8
2026-09-21T12:35:42.383303+00:00,sensor.soterrani_gran_temperatura,28.7
2026-09-21T13:04:19.444580+00:00,sensor.soterrani_gran_temperatura,28.6
2026-09-21T13:20:42.652750+00:00,sensor.soterrani_gran_temperatura,28.7
2026-09-21T13:31:34.119552+00:00,sensor.soterrani_gran_temperatura,28.6
2026-09-21T13:35:43.400174+00:00,sensor.soterrani_gran_temperatura,28.5
2026-09-21T14:05:42.828587+00:00,sensor.soterrani_gran_temperatura,28.6
2026-09-21T14:20:41.525885+00:00,sensor.soterrani_gran_temperatura,28.7
2026-09-21T14:35:42.247918+00:00,sensor.soterrani_gran_temperatura,28.8
2026-09-21T14:39:43.593199+00:00,sensor.soterrani_gran_temperatura,28.9
2026-09-21T15:05:41.699914+00:00,sensor.soterrani_gran_temperatura,29.0
2026-09-21T15:35:43.121627+00:00,sensor.soterrani_gran_temperatura,29.1
2026-09-21T16:20:41.253853+00:00,sensor.soterrani_gran_temperatura,29.0
2026-09-21T16:35:41.967010+00:00,sensor.soterrani_gran_temperatura,28.9
2026-09-21T16:50:42.723554+00:00,sensor.soterrani_gran_temperatura,28.8
2026-09-21T17:02:18.594176+00:00,sensor.soterrani_gran_temperatura,28.6
2026-09-21T17:35:41.045670+00:00,sensor.soterrani_gran_temperatura,28.5
2026-09-21T17:50:41.750416+00:00,sensor.soterrani_gran_temperatura,28.6
2026-09-21T18:00:46.981167+00:00,sensor.soterrani_gran_temperatura,28.9
2026-09-21T18:04:40.229898+00:00,sensor.soterrani_gran_temperatura,29.2
2026-09-21T18:11:28.377431+00:00,sensor.soterrani_gran_temperatura,29.5
2026-09-21T19:20:42.116280+00:00,sensor.soterrani_gran_temperatura,29.4
2026-09-21T19:35:40.818275+00:00,sensor.soterrani_gran_temperatura,29.3
2026-09-21T20:05:42.265162+00:00,sensor.soterrani_gran_temperatura,29.4
2026-09-21T20:11:16.055761+00:00,sensor.soterrani_gran_temperatura,29.2
2026-09-21T20:35:41.721930+00:00,sensor.soterrani_gran_temperatura,29.1
2026-09-21T20:41:37.647000+00:00,sensor.soterrani_gran_temperatura,28.9
2026-09-21T20:50:42.486282+00:00,sensor.soterrani_gran_temperatura,28.8
2026-09-21T21:04:18.810369+00:00,sensor.soterrani_gran_temperatura,28.6
2026-09-21T21:05:41.223529+00:00,sensor.soterrani_gran_temperatura,28.7
2026-09-21T21:20:41.935953+00:00,sensor.soterrani_gran_temperatura,28.5
2026-09-21T21:35:40.646569+00:00,sensor.soterrani_gran_temperatura,28.4
2026-09-21T21:41:02.378181+00:00,sensor.soterrani_gran_temperatura,28.3
2026-09-21T22:05:42.114654+00:00,sensor.soterrani_gran_temperatura,28.2
2026-09-21T22:50:42.255425+00:00,sensor.soterrani_gran_temperatura,28.3
2026-09-21T23:05:40.952537+00:00,sensor.soterrani_gran_temperatura,28.4
2026-09-21T23:20:41.669974+00:00,sensor.soterrani_gran_temperatura,28.3
2026-09-21T23:35:40.380645+00:00,sensor.soterrani_gran_temperatura,28.2
2026-09-21T23:50:41.110600+00:00,sensor.soterrani_gran_temperatura,28.1
2026-09-21T23:58:31.625140+00:00,sensor.soterrani_gran_temperatura,28.0
2026-09-22T00:20:41.113952+00:00,sensor.soterrani_gran_temperatura,27.9
2026-09-22T01:20:41.962616+00:00,sensor.soterrani_gran_temperatura,27.8
2026-09-22T01:38:55.736789+00:00,sensor.soterrani_gran_temperatura,27.7
2026-09-22T01:50:41.417986+00:00,sensor.soterrani_gran_temperatura,27.8
2026-09-22T02:05:40.124966+00:00,sensor.soterrani_gran_temperatura,27.7
2026-09-22T02:35:41.546367+00:00,sensor.soterrani_gran_temperatura,27.6
2026-09-22T03:05:40.961277+00:00,sensor.soterrani_gran_temperatura,27.5
2026-09-22T04:09:00.926770+00:00,sensor.soterrani_gran_temperatura,27.4
2026-09-22T04:35:41.289603+00:00,sensor.soterrani_gran_temperatura,27.3
2026-09-22T05:35:40.154253+00:00,sensor.soterrani_gran_temperatura,27.2
2026-09-22T05:50:40.855297+00:00,sensor.soterrani_gran_temperatura,27.3
2026-09-22T06:20:40.289684+00:00,sensor.soterrani_gran_temperatura,27.5
2026-09-22T06:25:05.730444+00:00,sensor.soterrani_gran_temperatura,27.7
2026-09-22T06:35:41.037271+00:00,sensor.soterrani_gran_temperatura,27.8
2026-09-22T06:45:18.118993+00:00,sensor.soterrani_gran_temperatura,28.0
2026-09-22T07:05:40.498996+00:00,sensor.soterrani_gran_temperatura,28.2
2026-09-22T07:16:27.939286+00:00,sensor.soterrani_gran_temperatura,28.3
2026-09-22T07:35:39.939223+00:00,sensor.soterrani_gran_temperatura,28.2
2026-09-22T08:20:40.342524+00:00,sensor.soterrani_gran_temperatura,28.1
2026-09-22T09:20:39.203270+00:00,sensor.soterrani_gran_temperatura,28.2
2026-09-22T10:05:39.345168+00:00,sensor.soterrani_gran_temperatura,28.3
2026-09-22T10:20:40.055042+00:00,sensor.soterrani_gran_temperatura,28.2
2026-09-22T10:35:40.766389+00:00,sensor.soterrani_gran_temperatura,28.3
2026-09-22T10:45:22.740518+00:00,sensor.soterrani_gran_temperatura,28.2
2026-09-22T10:46:43.273698+00:00,sensor.soterrani_gran_temperatura,28.1
2026-09-22T10:46:55.391724+00:00,sensor.soterrani_gran_temperatura,28.0
2026-09-22T10:47:09.556209+00:00,sensor.soterrani_gran_temperatura,27.7
2026-09-22T10:47:24.752409+00:00,sensor.soterrani_gran_temperatura,27.4
2026-09-22T10:47:40.873991+00:00,sensor.soterrani_gran_temperatura,27.1
2026-09-22T10:47:54.978186+00:00,sensor.soterrani_gran_temperatura,26.8
2026-09-22T10:48:09.070153+00:00,sensor.soterrani_gran_temperatura,26.5
2026-09-22T10:48:23.182211+00:00,sensor.soterrani_gran_temperatura,26.2
2026-09-22T10:48:39.669410+00:00,sensor.soterrani_gran_temperatura,25.9
2026-09-22T10:48:58.409157+00:00,sensor.soterrani_gran_temperatura,25.6
2026-09-22T10:49:15.529285+00:00,sensor.soterrani_gran_temperatura,25.3
2026-09-22T10:49:33.670144+00:00,sensor.soterrani_gran_temperatura,25.0
2026-09-22T10:49:52.725280+00:00,sensor.soterrani_gran_temperatura,24.7
2026-09-22T10:50:13.930931+00:00,sensor.soterrani_gran_temperatura,24.4
2026-09-22T10:50:36.094633+00:00,sensor.soterrani_gran_temperatura,24.1
2026-09-22T10:51:00.251122+00:00,sensor.soterrani_gran_temperatura,23.8
2026-09-22T10:51:24.415585+00:00,sensor.soterrani_gran_temperatura,23.5
2026-09-22T10:51:50.554659+00:00,sensor.soterrani_gran_temperatura,23.2
2026-09-22T10:52:12.706692+00:00,sensor.soterrani_gran_temperatura,22.9
2026-09-22T10:52:36.855196+00:00,sensor.soterrani_gran_temperatura,22.6
2026-09-22T10:53:03.029093+00:00,sensor.soterrani_gran_temperatura,22.3
2026-09-22T10:53:29.207766+00:00,sensor.soterrani_gran_temperatura,22.0
2026-09-22T10:53:53.365381+00:00,sensor.soterrani_gran_temperatura,21.7
2026-09-22T10:54:19.530928+00:00,sensor.soterrani_gran_temperatura,21.4
2026-09-22T10:54:43.700096+00:00,sensor.soterrani_gran_temperatura,21.1
2026-09-22T10:55:07.849648+00:00,sensor.soterrani_gran_temperatura,20.8
2026-09-22T10:55:36.675174+00:00,sensor.soterrani_gran_temperatura,20.5
2026-09-22T10:56:08.238228+00:00,sensor.soterrani_gran_temperatura,20.2
2026-09-22T10:56:36.417292+00:00,sensor.soterrani_gran_temperatura,19.9
2026-09-22T10:57:04.586239+00:00,sensor.soterrani_gran_temperatura,19.6
2026-09-22T10:57:35.415438+00:00,sensor.soterrani_gran_temperatura,19.3
2026-09-22T10:58:06.956517+00:00,sensor.soterrani_gran_temperatura,19.0
2026-09-22T10:58:39.157859+00:00,sensor.soterrani_gran_temperatura,18.7
2026-09-22T10:59:11.358200+00:00,sensor.soterrani_gran_temperatura,18.4
2026-09-22T10:59:49.587862+00:00,sensor.soterrani_gran_temperatura,18.1
2026-09-22T11:00:23.805695+00:00,sensor.soterrani_gran_temperatura,17.8
2026-09-22T11:00:58.019276+00:00,sensor.soterrani_gran_temperatura,17.5
2026-09-22T11:01:34.229222+00:00,sensor.soterrani_gran_temperatura,17.2
2026-09-22T11:02:14.465977+00:00,sensor.soterrani_gran_temperatura,16.9
2026-09-22T11:02:52.706457+00:00,sensor.soterrani_gran_temperatura,16.6
2026-09-22T11:03:30.933940+00:00,sensor.soterrani_gran_temperatura,16.3
2026-09-22T11:04:13.182747+00:00,sensor.soterrani_gran_temperatura,16.0
2026-09-22T11:04:53.424130+00:00,sensor.soterrani_gran_temperatura,15.7
2026-09-22T11:05:39.650045+00:00,sensor.soterrani_gran_temperatura,15.4
2026-09-22T11:06:27.988049+00:00,sensor.soterrani_gran_temperatura,15.1
2026-09-22T11:07:16.255135+00:00,sensor.soterrani_gran_temperatura,14.8
2026-09-22T11:08:11.034806+00:00,sensor.soterrani_gran_temperatura,14.5
2026-09-22T11:09:04.902301+00:00,sensor.soterrani_gran_temperatura,14.2
2026-09-22T11:09:59.223747+00:00,sensor.soterrani_gran_temperatura,13.9
2026-09-22T11:10:57.562534+00:00,sensor.soterrani_gran_temperatura,13.6
2026-09-22T11:11:57.904003+00:00,sensor.soterrani_gran_temperatura,13.3
2026-09-22T11:13:02.292762+00:00,sensor.soterrani_gran_temperatura,13.0
2026-09-22T11:14:02.626421+00:00,sensor.soterrani_gran_temperatura,12.7
2026-09-22T11:15:15.323913+00:00,sensor.soterrani_gran_temperatura,12.4
2026-09-22T11:16:21.433694+00:00,sensor.soterrani_gran_temperatura,12.1
2026-09-22T11:17:31.808587+00:00,sensor.soterrani_gran_temperatura,11.8
2026-09-22T11:18:52.261079+00:00,sensor.soterrani_gran_temperatura,11.5
2026-09-22T11:20:14.731745+00:00,sensor.soterrani_gran_temperatura,11.2
2026-09-22T11:20:38.833214+00:00,sensor.soterrani_gran_temperatura,11.1
2026-09-22T11:21:39.212703+00:00,sensor.soterrani_gran_temperatura,10.9
2026-09-22T11:23:05.703288+00:00,sensor.soterrani_gran_temperatura,10.6
2026-09-22T11:24:42.237219+00:00,sensor.soterrani_gran_temperatura,10.3
2026-09-22T11:26:20.783368+00:00,sensor.soterrani_gran_temperatura,10.0
2026-09-22T11:28:23.485749+00:00,sensor.soterrani_gran_temperatura,9.7
2026-09-22T11:30:10.042447+00:00,sensor.soterrani_gran_temperatura,9.4
2026-09-22T11:32:16.732062+00:00,sensor.soterrani_gran_temperatura,9.1
2026-09-22T11:34:43.536168+00:00,sensor.soterrani_gran_temperatura,8.8
2026-09-22T11:37:06.320285+00:00,sensor.soterrani_gran_temperatura,8.5
2026-09-22T11:40:05.331252+00:00,sensor.soterrani_gran_temperatura,8.2
2026-09-22T11:43:04.261300+00:00,sensor.soterrani_gran_temperatura,7.9
2026-09-22T11:44:38.797281+00:00,sensor.soterrani_gran_temperatura,7.8
2026-09-22T11:45:57.291070+00:00,sensor.soterrani_gran_temperatura,7.9
2026-09-22T11:50:38.740583+00:00,sensor.soterrani_gran_temperatura,7.8
2026-09-22T11:51:57.183295+00:00,sensor.soterrani_gran_temperatura,7.7
2026-09-22T11:56:28.642524+00:00,sensor.soterrani_gran_temperatura,7.4
2026-09-22T12:01:54.397430+00:00,sensor.soterrani_gran_temperatura,7.1
2026-09-22T12:05:39.554075+00:00,sensor.soterrani_gran_temperatura,7.0
2026-09-22T12:07:42.241414+00:00,sensor.soterrani_gran_temperatura,6.8
2026-09-22T12:13:34.127732+00:00,sensor.soterrani_gran_temperatura,6.5
2026-09-22T12:19:34.052851+00:00,sensor.soterrani_gran_temperatura,6.2
2026-09-22T12:26:40.311250+00:00,sensor.soterrani_gran_temperatura,5.9
2026-09-22T12:35:04.989064+00:00,sensor.soterrani_gran_temperatura,5.6
2026-09-22T12:44:34.010038+00:00,sensor.soterrani_gran_temperatura,5.3
2026-09-22T12:50:39.901882+00:00,sensor.soterrani_gran_temperatura,5.2
2026-09-22T12:56:19.747277+00:00,sensor.soterrani_gran_temperatura,5.0
2026-09-22T13:05:38.668714+00:00,sensor.soterrani_gran_temperatura,4.9
2026-09-22T13:10:36.268768+00:00,sensor.soterrani_gran_temperatura,4.7
2026-09-22T13:20:39.430549+00:00,sensor.soterrani_gran_temperatura,4.6
2026-09-22T13:29:24.221298+00:00,sensor.soterrani_gran_temperatura,4.4
2026-09-22T13:50:38.909832+00:00,sensor.soterrani_gran_temperatura,4.2
2026-09-22T13:56:04.651145+00:00,sensor.soterrani_gran_temperatura,4.1
2026-09-22T14:20:40.437040+00:00,sensor.soterrani_gran_temperatura,4.0
2026-09-22T14:35:39.179903+00:00,sensor.soterrani_gran_temperatura,3.9
2026-09-22T14:50:39.864987+00:00,sensor.soterrani_gran_temperatura,4.1
2026-09-22T15:05:38.566877+00:00,sensor.soterrani_gran_temperatura,4.2
2026-09-22T15:14:59.570937+00:00,sensor.soterrani_gran_temperatura,4.4
2026-09-22T15:50:38.951346+00:00,sensor.soterrani_gran_temperatura,4.3
2026-09-22T16:05:39.683695+00:00,sensor.soterrani_gran_temperatura,4.2
2026-09-22T16:06:21.966864+00:00,sensor.soterrani_gran_temperatura,4.1
2026-09-22T16:20:38.451952+00:00,sensor.soterrani_gran_temperatura,4.0
2026-09-22T16:33:48.680463+00:00,sensor.soterrani_gran_temperatura,4.4
2026-09-22T16:35:07.110979+00:00,sensor.soterrani_gran_temperatura,4.7
2026-09-22T16:35:39.263340+00:00,sensor.soterrani_gran_temperatura,4.8
2026-09-22T16:36:21.529343+00:00,sensor.soterrani_gran_temperatura,5.0
2026-09-22T16:37:37.967185+00:00,sensor.soterrani_gran_temperatura,5.3
2026-09-22T16:39:14.498671+00:00,sensor.soterrani_gran_temperatura,5.6
2026-09-22T16:41:23.200361+00:00,sensor.soterrani_gran_temperatura,5.9
2026-09-22T16:44:16.146971+00:00,sensor.soterrani_gran_temperatura,6.2
2026-09-22T16:50:40.145216+00:00,sensor.soterrani_gran_temperatura,6.4
2026-09-22T17:05:38.872236+00:00,sensor.soterrani_gran_temperatura,6.0
2026-09-22T17:06:09.107483+00:00,sensor.soterrani_gran_temperatura,5.9
2026-09-22T17:13:55.558375+00:00,sensor.soterrani_gran_temperatura,5.6
2026-09-22T17:20:39.668644+00:00,sensor.soterrani_gran_temperatura,5.4
2026-09-22T17:22:28.280577+00:00,sensor.soterrani_gran_temperatura,5.3
2026-09-22T17:32:53.607646+00:00,sensor.soterrani_gran_temperatura,5.0
2026-09-22T17:45:07.504814+00:00,sensor.soterrani_gran_temperatura,4.7
2026-09-22T17:50:39.218010+00:00,sensor.soterrani_gran_temperatura,4.6
2026-09-22T17:59:32.070665+00:00,sensor.soterrani_gran_temperatura,4.4
2026-09-22T18:17:05.649070+00:00,sensor.soterrani_gran_temperatura,4.1
2026-09-22T18:35:39.440079+00:00,sensor.soterrani_gran_temperatura,3.9
2026-09-22T18:39:19.809887+00:00,sensor.soterrani_gran_temperatura,3.8
2026-09-22T18:50:40.200975+00:00,sensor.soterrani_gran_temperatura,3.7
2026-09-22T19:05:38.906234+00:00,sensor.soterrani_gran_temperatura,3.6
2026-09-22T19:05:49.015720+00:00,sensor.soterrani_gran_temperatura,3.5
2026-09-22T19:35:38.387938+00:00,sensor.soterrani_gran_temperatura,3.6
2026-09-22T19:40:38.021080+00:00,sensor.soterrani_gran_temperatura,3.8
2026-09-22T19:50:39.155043+00:00,sensor.soterrani_gran_temperatura,4.0
2026-09-22T19:52:23.757361+00:00,sensor.soterrani_gran_temperatura,4.1
2026-09-22T20:03:33.310115+00:00,sensor.soterrani_gran_temperatura,4.4
2026-09-22T20:15:53.251549+00:00,sensor.soterrani_gran_temperatura,4.7
2026-09-22T20:30:13.819690+00:00,sensor.soterrani_gran_temperatura,5.0
2026-09-22T20:35:39.515459+00:00,sensor.soterrani_gran_temperatura,5.1
2026-09-22T20:46:43.053226+00:00,sensor.soterrani_gran_temperatura,5.3
2026-09-22T21:05:08.905579+00:00,sensor.soterrani_gran_temperatura,5.6
2026-09-22T21:05:39.039819+00:00,sensor.soterrani_gran_temperatura,5.5
2026-09-22T21:20:39.723056+00:00,sensor.soterrani_gran_temperatura,5.8
2026-09-22T21:24:47.062740+00:00,sensor.soterrani_gran_temperatura,5.9
2026-09-22T21:35:38.421521+00:00,sensor.soterrani_gran_temperatura,6.0
2026-09-22T21:46:58.038555+00:00,sensor.soterrani_gran_temperatura,6.2
2026-09-22T22:05:39.943568+00:00,sensor.soterrani_gran_temperatura,6.4
2026-09-22T22:10:35.545595+00:00,sensor.soterrani_gran_temperatura,6.5
2026-09-22T22:20:38.693747+00:00,sensor.soterrani_gran_temperatura,6.6
2026-09-22T22:35:39.411708+00:00,sensor.soterrani_gran_temperatura,6.7
2026-09-22T22:35:49.518828+00:00,sensor.soterrani_gran_temperatura,6.8
2026-09-22T22:50:38.159371+00:00,sensor.soterrani_gran_temperatura,6.9
2026-09-22T22:59:55.492898+00:00,sensor.soterrani_gran_temperatura,7.1
2026-09-22T23:18:33.014945+00:00,sensor.soterrani_gran_temperatura,7.4
2026-09-22T23:35:38.393387+00:00,sensor.soterrani_gran_temperatura,7.6
2026-09-22T23:50:39.122244+00:00,sensor.soterrani_gran_temperatura,7.4
2026-09-22T23:57:55.454769+00:00,sensor.soterrani_gran_temperatura,7.1
2026-09-23T00:05:38.542757+00:00,sensor.soterrani_gran_temperatura,6.9
2026-09-23T00:08:33.513628+00:00,sensor.soterrani_gran_temperatura,6.8
2026-09-23T00:20:03.188291+00:00,sensor.soterrani_gran_temperatura,6.5
2026-09-23T00:20:39.345042+00:00,sensor.soterrani_gran_temperatura,6.6
2026-09-23T00:32:45.224353+00:00,sensor.soterrani_gran_temperatura,6.2
2026-09-23T00:48:06.078634+00:00,sensor.soterrani_gran_temperatura,5.9
2026-09-23T01:05:39.587063+00:00,sensor.soterrani_gran_temperatura,5.7
2026-09-23T01:05:41.697005+00:00,sensor.soterrani_gran_temperatura,5.6
2026-09-23T01:20:38.339111+00:00,sensor.soterrani_gran_temperatura,5.5
2026-09-23T01:28:24.841694+00:00,sensor.soterrani_gran_temperatura,5.3
2026-09-23T01:50:39.840033+00:00,sensor.soterrani_gran_temperatura,5.1
2026-09-23T01:55:01.256257+00:00,sensor.soterrani_gran_temperatura,5.0
2026-09-23T02:20:39.321713+00:00,sensor.soterrani_gran_temperatura,4.8
2026-09-23T02:28:07.725739+00:00,sensor.soterrani_gran_temperatura,4.7
2026-09-23T02:50:38.791618+00:00,sensor.soterrani_gran_temperatura,4.6
2026-09-23T03:05:39.523722+00:00,sensor.soterrani_gran_temperatura,4.5
2026-09-23T03:12:01.575645+00:00,sensor.soterrani_gran_temperatura,4.4
2026-09-23T03:35:39.009777+00:00,sensor.soterrani_gran_temperatura,4.3
2026-09-23T04:05:38.468889+00:00,sensor.soterrani_gran_temperatura,4.2
2026-09-23T04:10:13.969935+00:00,sensor.soterrani_gran_temperatura,4.1
2026-09-23T04:50:38.697890+00:00,sensor.soterrani_gran_temperatura,4.0
2026-09-23T05:20:38.153825+00:00,sensor.soterrani_gran_temperatura,3.9
2026-09-23T05:34:18.509147+00:00,sensor.soterrani_gran_temperatura,3.8
2026-09-23T05:35:38.905503+00:00,sensor.soterrani_gran_temperatura,3.9
2026-09-23T05:50:37.638391+00:00,sensor.soterrani_gran_temperatura,3.8
2026-09-23T06:07:39.066286+00:00,sensor.soterrani_gran_temperatura,4.1
2026-09-23T06:08:23.757944+00:00,sensor.soterrani_gran_temperatura,4.4
2026-09-23T06:08:59.993358+00:00,sensor.soterrani_gran_temperatura,4.7
2026-09-23T06:09:33.757951+00:00,sensor.soterrani_gran_temperatura,5.0
2026-09-23T06:10:05.948451+00:00,sensor.soterrani_gran_temperatura,5.3
2026-09-23T06:10:34.121809+00:00,sensor.soterrani_gran_temperatura,5.6
2026-09-23T06:11:00.288185+00:00,sensor.soterrani_gran_temperatura,5.9
2026-09-23T06:11:26.669368+00:00,sensor.soterrani_gran_temperatura,6.2
2026-09-23T06:11:56.654107+00:00,sensor.soterrani_gran_temperatura,6.5
2026-09-23T06:12:22.829755+00:00,sensor.soterrani_gran_temperatura,6.8
2026-09-23T06:12:48.999275+00:00,sensor.soterrani_gran_temperatura,7.1
2026-09-23T06:13:15.159923+00:00,sensor.soterrani_gran_temperatura,7.4
2026-09-23T06:13:41.345088+00:00,sensor.soterrani_gran_temperatura,7.7
2026-09-23T06:14:07.505638+00:00,sensor.soterrani_gran_temperatura,8.0
2026-09-23T06:14:31.673579+00:00,sensor.soterrani_gran_temperatura,8.3
2026-09-23T06:15:00.250553+00:00,sensor.soterrani_gran_temperatura,8.6
2026-09-23T06:15:28.052262+00:00,sensor.soterrani_gran_temperatura,8.9
2026-09-23T06:15:52.192102+00:00,sensor.soterrani_gran_temperatura,9.2
2026-09-23T06:16:20.380002+00:00,sensor.soterrani_gran_temperatura,9.5
2026-09-23T06:16:46.546267+00:00,sensor.soterrani_gran_temperatura,9.8
2026-09-23T06:17:13.443990+00:00,sensor.soterrani_gran_temperatura,10.1
2026-09-23T06:17:40.868567+00:00,sensor.soterrani_gran_temperatura,10.4
2026-09-23T06:18:11.482667+00:00,sensor.soterrani_gran_temperatura,10.7
2026-09-23T06:18:37.226073+00:00,sensor.soterrani_gran_temperatura,11.0
2026-09-23T06:19:07.416505+00:00,sensor.soterrani_gran_temperatura,11.3
2026-09-23T06:19:37.601676+00:00,sensor.soterrani_gran_temperatura,11.6
2026-09-23T06:20:05.760636+00:00,sensor.soterrani_gran_temperatura,11.9
2026-09-23T06:20:37.911438+00:00,sensor.soterrani_gran_temperatura,12.2
2026-09-23T06:21:06.156380+00:00,sensor.soterrani_gran_temperatura,12.5
2026-09-23T06:21:40.361123+00:00,sensor.soterrani_gran_temperatura,12.8
2026-09-23T06:22:12.564366+00:00,sensor.soterrani_gran_temperatura,13.1
2026-09-23T06:22:44.767900+00:00,sensor.soterrani_gran_temperatura,13.4
2026-09-23T06:23:18.972565+00:00,sensor.soterrani_gran_temperatura,13.7
2026-09-23T06:23:53.190080+00:00,sensor.soterrani_gran_temperatura,14.0
2026-09-23T06:24:31.417438+00:00,sensor.soterrani_gran_temperatura,14.3
2026-09-23T06:25:05.625279+00:00,sensor.soterrani_gran_temperatura,14.6
2026-09-23T06:25:45.861867+00:00,sensor.soterrani_gran_temperatura,14.9
2026-09-23T06:26:22.089405+00:00,sensor.soterrani_gran_temperatura,15.2
2026-09-23T06:26:58.302970+00:00,sensor.soterrani_gran_temperatura,15.5
2026-09-23T06:27:44.587017+00:00,sensor.soterrani_gran_temperatura,15.8
2026-09-23T06:28:28.848227+00:00,sensor.soterrani_gran_temperatura,16.1
2026-09-23T06:29:11.109230+00:00,sensor.soterrani_gran_temperatura,16.4
2026-09-23T06:29:57.656687+00:00,sensor.soterrani_gran_temperatura,16.7
2026-09-23T06:30:43.657033+00:00,sensor.soterrani_gran_temperatura,17.0
2026-09-23T06:31:31.934695+00:00,sensor.soterrani_gran_temperatura,17.3
2026-09-23T06:32:22.245631+00:00,sensor.soterrani_gran_temperatura,17.6
2026-09-23T06:33:15.019390+00:00,sensor.soterrani_gran_temperatura,17.9
2026-09-23T06:34:04.802306+00:00,sensor.soterrani_gran_temperatura,18.2
2026-09-23T06:35:05.147049+00:00,sensor.soterrani_gran_temperatura,18.5
2026-09-23T06:35:39.309553+00:00,sensor.soterrani_gran_temperatura,18.6
2026-09-23T06:36:05.507037+00:00,sensor.soterrani_gran_temperatura,18.8
2026-09-23T06:37:03.856340+00:00,sensor.soterrani_gran_temperatura,19.1
2026-09-23T06:38:06.217095+00:00,sensor.soterrani_gran_temperatura,19.4
2026-09-23T06:39:20.627823+00:00,sensor.soterrani_gran_temperatura,19.7
2026-09-23T06:40:29.029120+00:00,sensor.soterrani_gran_temperatura,20.0
2026-09-23T06:41:41.444101+00:00,sensor.soterrani_gran_temperatura,20.3
2026-09-23T06:42:59.885214+00:00,sensor.soterrani_gran_temperatura,20.6
2026-09-23T06:44:22.339669+00:00,sensor.soterrani_gran_temperatura,20.9
2026-09-23T06:45:50.834338+00:00,sensor.soterrani_gran_temperatura,21.2
2026-09-23T06:47:27.376128+00:00,sensor.soterrani_gran_temperatura,21.5
2026-09-23T06:49:03.908661+00:00,sensor.soterrani_gran_temperatura,21.8
2026-09-23T06:50:38.384491+00:00,sensor.soterrani_gran_temperatura,22.0
2026-09-23T06:50:48.481172+00:00,sensor.soterrani_gran_temperatura,22.1
2026-09-23T06:52:41.102751+00:00,sensor.soterrani_gran_temperatura,22.4
2026-09-23T06:54:41.763190+00:00,sensor.soterrani_gran_temperatura,22.7
2026-09-23T06:56:58.517892+00:00,sensor.soterrani_gran_temperatura,23.0
2026-09-23T06:59:19.284631+00:00,sensor.soterrani_gran_temperatura,23.3
2026-09-23T07:01:46.083653+00:00,sensor.soterrani_gran_temperatura,23.6
2026-09-23T07:04:39.004518+00:00,sensor.soterrani_gran_temperatura,23.9
2026-09-23T07:07:48.035585+00:00,sensor.soterrani_gran_temperatura,24.2
2026-09-23T07:11:17.165272+00:00,sensor.soterrani_gran_temperatura,24.5
2026-09-23T07:15:08.419645+00:00,sensor.soterrani_gran_temperatura,24.8
2026-09-23T07:19:27.807498+00:00,sensor.soterrani_gran_temperatura,25.1
2026-09-23T07:24:11.316876+00:00,sensor.soterrani_gran_temperatura,25.4
2026-09-23T07:29:57.160502+00:00,sensor.soterrani_gran_temperatura,25.7
2026-09-23T07:35:39.039991+00:00,sensor.soterrani_gran_temperatura,25.9
2026-09-23T07:36:27.352077+00:00,sensor.soterrani_gran_temperatura,26.0
2026-09-23T07:44:13.824524+00:00,sensor.soterrani_gran_temperatura,26.3
2026-09-23T07:50:37.812795+00:00,sensor.soterrani_gran_temperatura,26.4
2026-09-23T07:53:25.541600+00:00,sensor.soterrani_gran_temperatura,26.6
2026-09-23T07:54:57.267814+00:00,sensor.soterrani_gran_temperatura,26.8
2026-09-23T07:56:50.549231+00:00,sensor.soterrani_gran_temperatura,27.0
2026-09-23T07:58:04.335096+00:00,sensor.soterrani_gran_temperatura,26.9
2026-09-23T07:58:30.506842+00:00,sensor.soterrani_gran_temperatura,26.6
2026-09-23T07:58:56.700991+00:00,sensor.soterrani_gran_temperatura,26.3
2026-09-23T07:59:20.799779+00:00,sensor.soterrani_gran_temperatura,26.0
2026-09-23T07:59:45.084076+00:00,sensor.soterrani_gran_temperatura,25.7
2026-09-23T08:00:09.598905+00:00,sensor.soterrani_gran_temperatura,25.4
2026-09-23T08:00:31.257708+00:00,sensor.soterrani_gran_temperatura,25.1
2026-09-23T08:00:57.607015+00:00,sensor.soterrani_gran_temperatura,24.8
2026-09-23T08:01:21.587308+00:00,sensor.soterrani_gran_temperatura,24.5
2026-09-23T08:01:45.750652+00:00,sensor.soterrani_gran_temperatura,24.2
2026-09-23T08:02:13.927986+00:00,sensor.soterrani_gran_temperatura,23.9
2026-09-23T08:02:42.114010+00:00,sensor.soterrani_gran_temperatura,23.6
2026-09-23T08:03:08.290869+00:00,sensor.soterrani_gran_temperatura,23.3
2026-09-23T08:03:38.479388+00:00,sensor.soterrani_gran_temperatura,23.0
2026-09-23T08:04:07.583689+00:00,sensor.soterrani_gran_temperatura,22.7
2026-09-23T08:04:36.831205+00:00,sensor.soterrani_gran_temperatura,22.4
2026-09-23T08:05:05.019098+00:00,sensor.soterrani_gran_temperatura,22.1
2026-09-23T08:05:37.226870+00:00,sensor.soterrani_gran_temperatura,21.8
2026-09-23T08:06:11.426764+00:00,sensor.soterrani_gran_temperatura,21.5
2026-09-23T08:06:41.636936+00:00,sensor.soterrani_gran_temperatura,21.2
2026-09-23T08:07:18.553988+00:00,sensor.soterrani_gran_temperatura,20.9
2026-09-23T08:07:52.049458+00:00,sensor.soterrani_gran_temperatura,20.6
2026-09-23T08:08:26.273213+00:00,sensor.soterrani_gran_temperatura,20.3
2026-09-23T08:08:58.468847+00:00,sensor.soterrani_gran_temperatura,20.0
2026-09-23T08:09:33.550979+00:00,sensor.soterrani_gran_temperatura,19.7
2026-09-23T08:10:11.186979+00:00,sensor.soterrani_gran_temperatura,19.4
2026-09-23T08:10:49.151491+00:00,sensor.soterrani_gran_temperatura,19.1
2026-09-23T08:11:27.381985+00:00,sensor.soterrani_gran_temperatura,18.8
2026-09-23T08:12:06.115636+00:00,sensor.soterrani_gran_temperatura,18.5
2026-09-23T08:12:49.868813+00:00,sensor.soterrani_gran_temperatura,18.2
2026-09-23T08:13:34.143123+00:00,sensor.soterrani_gran_temperatura,17.9
2026-09-23T08:14:14.365245+00:00,sensor.soterrani_gran_temperatura,17.6
2026-09-23T08:15:02.659872+00:00,sensor.soterrani_gran_temperatura,17.3
2026-09-23T08:15:54.964087+00:00,sensor.soterrani_gran_temperatura,17.0
2026-09-23T08:16:41.247543+00:00,sensor.soterrani_gran_temperatura,16.7
2026-09-23T08:17:37.574287+00:00,sensor.soterrani_gran_temperatura,16.4
2026-09-23T08:18:31.858743+00:00,sensor.soterrani_gran_temperatura,16.1
2026-09-23T08:19:22.149338+00:00,sensor.soterrani_gran_temperatura,15.8
2026-09-23T08:20:24.513400+00:00,sensor.soterrani_gran_temperatura,15.5
2026-09-23T08:21:24.843105+00:00,sensor.soterrani_gran_temperatura,15.2
2026-09-23T08:22:27.199695+00:00,sensor.soterrani_gran_temperatura,14.9
2026-09-23T08:23:31.582577+00:00,sensor.soterrani_gran_temperatura,14.6
2026-09-23T08:24:41.991435+00:00,sensor.soterrani_gran_temperatura,14.3
2026-09-23T08:25:58.393744+00:00,sensor.soterrani_gran_temperatura,14.0
2026-09-23T08:27:14.826210+00:00,sensor.soterrani_gran_temperatura,13.7
2026-09-23T08:28:31.261563+00:00,sensor.soterrani_gran_temperatura,13.4
2026-09-23T08:29:27.597746+00:00,sensor.soterrani_gran_temperatura,13.3
2026-09-23T08:30:13.909503+00:00,sensor.soterrani_gran_temperatura,13.4
2026-09-23T08:30:54.148266+00:00,sensor.soterrani_gran_temperatura,13.5
2026-09-23T08:31:36.384494+00:00,sensor.soterrani_gran_temperatura,13.8
2026-09-23T08:32:36.743887+00:00,sensor.soterrani_gran_temperatura,14.1
2026-09-23T08:33:39.095115+00:00,sensor.soterrani_gran_temperatura,14.4
2026-09-23T08:34:53.509838+00:00,sensor.soterrani_gran_temperatura,14.7
2026-09-23T08:35:37.730190+00:00,sensor.soterrani_gran_temperatura,14.8
2026-09-23T08:36:19.987771+00:00,sensor.soterrani_gran_temperatura,15.0
2026-09-23T08:38:06.592108+00:00,sensor.soterrani_gran_temperatura,15.3
2026-09-23T08:40:35.399646+00:00,sensor.soterrani_gran_temperatura,15.6
2026-09-23T08:45:02.826988+00:00,sensor.soterrani_gran_temperatura,15.9
2026-09-23T08:50:38.570348+00:00,sensor.soterrani_gran_temperatura,15.8
2026-09-23T08:55:20.105117+00:00,sensor.soterrani_gran_temperatura,15.6
2026-09-23T09:00:45.845335+00:00,sensor.soterrani_gran_temperatura,15.3
2026-09-23T09:05:21.321652+00:00,sensor.soterrani_gran_temperatura,15.0
2026-09-23T09:09:18.609858+00:00,sensor.soterrani_gran_temperatura,14.7
2026-09-23T09:13:42.037269+00:00,sensor.soterrani_gran_temperatura,14.4
2026-09-23T09:17:37.311146+00:00,sensor.soterrani_gran_temperatura,14.1
2026-09-23T09:20:38.239115+00:00,sensor.soterrani_gran_temperatura,13.9
2026-09-23T09:21:40.619924+00:00,sensor.soterrani_gran_temperatura,13.8
2026-09-23T09:26:00.023580+00:00,sensor.soterrani_gran_temperatura,13.5
2026-09-23T09:29:51.260927+00:00,sensor.soterrani_gran_temperatura,13.2
2026-09-23T09:34:28.738523+00:00,sensor.soterrani_gran_temperatura,12.9
2026-09-23T09:39:02.201829+00:00,sensor.soterrani_gran_temperatura,12.6
2026-09-23T09:43:53.767653+00:00,sensor.soterrani_gran_temperatura,12.3
2026-09-23T09:48:39.284080+00:00,sensor.soterrani_gran_temperatura,12.0
2026-09-23T09:51:33.180831+00:00,sensor.soterrani_gran_temperatura,12.3
2026-09-23T09:52:24.511462+00:00,sensor.soterrani_gran_temperatura,12.6
2026-09-23T09:53:08.798990+00:00,sensor.soterrani_gran_temperatura,12.9
2026-09-23T09:53:51.047232+00:00,sensor.soterrani_gran_temperatura,13.2
2026-09-23T09:54:35.289161+00:00,sensor.soterrani_gran_temperatura,13.5
2026-09-23T09:55:16.229704+00:00,sensor.soterrani_gran_temperatura,13.8
2026-09-23T09:55:59.764835+00:00,sensor.soterrani_gran_temperatura,14.1
2026-09-23T09:56:40.008812+00:00,sensor.soterrani_gran_temperatura,14.4
2026-09-23T09:57:20.744538+00:00,sensor.soterrani_gran_temperatura,14.7
2026-09-23T09:58:04.511146+00:00,sensor.soterrani_gran_temperatura,15.0
2026-09-23T09:58:50.785508+00:00,sensor.soterrani_gran_temperatura,15.3
2026-09-23T09:59:35.643471+00:00,sensor.soterrani_gran_temperatura,15.6
2026-09-23T10:00:23.342385+00:00,sensor.soterrani_gran_temperatura,15.9
2026-09-23T10:01:11.636725+00:00,sensor.soterrani_gran_temperatura,16.2
2026-09-23T10:01:59.907875+00:00,sensor.soterrani_gran_temperatura,16.5
2026-09-23T10:02:52.218866+00:00,sensor.soterrani_gran_temperatura,16.8
2026-09-23T10:03:44.517404+00:00,sensor.soterrani_gran_temperatura,17.1
2026-09-23T10:04:34.820756+00:00,sensor.soterrani_gran_temperatura,17.4
2026-09-23T10:05:29.134052+00:00,sensor.soterrani_gran_temperatura,17.7
2026-09-23T10:06:27.476227+00:00,sensor.soterrani_gran_temperatura,18.0
2026-09-23T10:07:21.763950+00:00,sensor.soterrani_gran_temperatura,18.3
2026-09-23T10:08:24.129910+00:00,sensor.soterrani_gran_temperatura,18.6
2026-09-23T10:09:28.498351+00:00,sensor.soterrani_gran_temperatura,18.9
2026-09-23T10:10:34.875642+00:00,sensor.soterrani_gran_temperatura,19.2
2026-09-23T10:11:43.277598+00:00,sensor.soterrani_gran_temperatura,19.5
2026-09-23T10:12:55.686304+00:00,sensor.soterrani_gran_temperatura,19.8
2026-09-23T10:14:10.111308+00:00,sensor.soterrani_gran_temperatura,20.1
2026-09-23T10:15:30.559179+00:00,sensor.soterrani_gran_temperatura,20.4
2026-09-23T10:16:44.964716+00:00,sensor.soterrani_gran_temperatura,20.7
2026-09-23T10:18:13.468083+00:00,sensor.soterrani_gran_temperatura,21.0
2026-09-23T10:19:37.944399+00:00,sensor.soterrani_gran_temperatura,21.3
2026-09-23T10:20:38.244081+00:00,sensor.soterrani_gran_temperatura,21.4
2026-09-23T10:21:16.490581+00:00,sensor.soterrani_gran_temperatura,21.6
2026-09-23T10:22:55.038261+00:00,sensor.soterrani_gran_temperatura,21.9
2026-09-23T10:24:13.470773+00:00,sensor.soterrani_gran_temperatura,22.1
2026-09-23T10:24:51.761647+00:00,sensor.soterrani_gran_temperatura,22.4
2026-09-23T10:25:21.959694+00:00,sensor.soterrani_gran_temperatura,22.7
2026-09-23T10:25:50.139975+00:00,sensor.soterrani_gran_temperatura,23.0
2026-09-23T10:26:22.328083+00:00,sensor.soterrani_gran_temperatura,23.3
2026-09-23T10:26:58.544198+00:00,sensor.soterrani_gran_temperatura,23.6
2026-09-23T10:27:34.768962+00:00,sensor.soterrani_gran_temperatura,23.9
2026-09-23T10:28:15.007231+00:00,sensor.soterrani_gran_temperatura,24.2
2026-09-23T10:29:03.295033+00:00,sensor.soterrani_gran_temperatura,24.5
2026-09-23T10:29:57.614027+00:00,sensor.soterrani_gran_temperatura,24.8
2026-09-23T10:31:03.987398+00:00,sensor.soterrani_gran_temperatura,25.1
2026-09-23T10:32:28.464687+00:00,sensor.soterrani_gran_temperatura,25.4
2026-09-23T10:33:56.957573+00:00,sensor.soterrani_gran_temperatura,25.7
2026-09-23T10:35:37.471692+00:00,sensor.soterrani_gran_temperatura,25.9
2026-09-23T10:35:57.613271+00:00,sensor.soterrani_gran_temperatura,26.0
2026-09-23T10:38:40.504444+00:00,sensor.soterrani_gran_temperatura,26.3
2026-09-23T10:41:59.582383+00:00,sensor.soterrani_gran_temperatura,26.6
2026-09-23T10:47:21.301829+00:00,sensor.soterrani_gran_temperatura,26.9
2026-09-23T10:50:38.316854+00:00,sensor.soterrani_gran_temperatura,27.0
2026-09-23T11:04:16.652780+00:00,sensor.soterrani_gran_temperatura,27.2
2026-09-20T22:42:41.656429+00:00,sensor.soterrani_gran_humitat,unavailable
2026-09-20T22:42:42.052376+00:00,sensor.soterrani_gran_humitat,58.0
2026-09-20T22:50:45.348767+00:00,sensor.soterrani_gran_humitat,59.0
2026-09-20T23:05:44.060551+00:00,sensor.soterrani_gran_humitat,58.0
2026-09-20T23:20:44.769839+00:00,sensor.soterrani_gran_humitat,55.0
2026-09-20T23:29:13.486552+00:00,sensor.soterrani_gran_humitat,54.0
2026-09-20T23:35:43.515785+00:00,sensor.soterrani_gran_humitat,53.0
2026-09-20T23:50:44.244605+00:00,sensor.soterrani_gran_humitat,56.0
2026-09-21T00:14:44.780266+00:00,sensor.soterrani_gran_humitat,unavailable
2026-09-21T00:15:06.948398+00:00,sensor.soterrani_gran_humitat,56.0
2026-09-21T01:34:45.953347+00:00,sensor.soterrani_gran_humitat,unavailable
2026-09-21T01:34:53.789337+00:00,sensor.soterrani_gran_humitat,56.0
2026-09-21T03:50:43.931551+00:00,sensor.soterrani_gran_humitat,55.0
2026-09-21T05:05:43.496029+00:00,sensor.soterrani_gran_humitat,54.0
2026-09-21T05:50:43.680262+00:00,sensor.soterrani_gran_humitat,55.0
2026-09-21T06:05:44.401887+00:00,sensor.soterrani_gran_humitat,54.0
2026-09-21T07:20:43.969015+00:00,sensor.soterrani_gran_humitat,53.0
2026-09-21T07:35:42.678589+00:00,sensor.soterrani_gran_humitat,52.0
2026-09-21T07:39:09.820465+00:00,sensor.soterrani_gran_humitat,51.0
2026-09-21T07:48:40.833910+00:00,sensor.soterrani_gran_humitat,50.0
2026-09-21T08:05:44.176829+00:00,sensor.soterrani_gran_humitat,51.0
2026-09-21T08:39:50.982078+00:00,sensor.soterrani_gran_humitat,50.0
2026-09-21T08:50:42.377552+00:00,sensor.soterrani_gran_humitat,49.0
2026-09-21T09:00:33.531989+00:00,sensor.soterrani_gran_humitat,48.0
2026-09-21T09:20:43.852767+00:00,sensor.soterrani_gran_humitat,49.0
2026-09-21T09:35:42.572764+00:00,sensor.soterrani_gran_humitat,48.0
2026-09-21T09:50:42.260931+00:00,sensor.soterrani_gran_humitat,47.0
2026-09-21T10:05:42.990532+00:00,sensor.soterrani_gran_humitat,49.0
2026-09-21T10:08:15.841093+00:00,sensor.soterrani_gran_humitat,50.0
2026-09-21T10:10:01.919264+00:00,sensor.soterrani_gran_humitat,51.0
2026-09-21T10:13:31.574592+00:00,sensor.soterrani_gran_humitat,54.0
2026-09-21T10:20:43.794971+00:00,sensor.soterrani_gran_humitat,55.0
2026-09-21T10:23:48.816487+00:00,sensor.soterrani_gran_humitat,56.0
2026-09-21T10:35:42.534535+00:00,sensor.soterrani_gran_humitat,57.0
2026-09-21T10:50:43.282470+00:00,sensor.soterrani_gran_humitat,58.0
2026-09-21T11:05:41.990869+00:00,sensor.soterrani_gran_humitat,59.0
2026-09-21T11:30:55.992789+00:00,sensor.soterrani_gran_humitat,60.0
2026-09-21T11:42:03.531612+00:00,sensor.soterrani_gran_humitat,61.0
2026-09-21T11:59:31.047579+00:00,sensor.soterrani_gran_humitat,62.0
2026-09-21T12:35:42.386905+00:00,sensor.soterrani_gran_humitat,63.0
2026-09-21T12:50:43.098208+00:00,sensor.soterrani_gran_humitat,64.0
2026-09-21T13:04:19.448090+00:00,sensor.soterrani_gran_humitat,59.0
2026-09-21T13:05:17.792483+00:00,sensor.soterrani_gran_humitat,62.0
2026-09-21T13:12:56.194078+00:00,sensor.soterrani_gran_humitat,58.0
2026-09-21T13:14:52.851299+00:00,sensor.soterrani_gran_humitat,61.0
2026-09-21T13:20:42.656400+00:00,sensor.soterrani_gran_humitat,63.0
2026-09-21T13:31:34.123098+00:00,sensor.soterrani_gran_humitat,64.0
2026-09-21T13:50:42.106243+00:00,sensor.soterrani_gran_humitat,65.0
2026-09-21T14:35:42.249412+00:00,sensor.soterrani_gran_humitat,66.0
2026-09-21T15:05:41.703491+00:00,sensor.soterrani_gran_humitat,67.0
2026-09-21T15:35:43.125346+00:00,sensor.soterrani_gran_humitat,68.0
2026-09-21T16:35:41.970612+00:00,sensor.soterrani_gran_humitat,69.0
2026-09-21T17:20:42.343596+00:00,sensor.soterrani_gran_humitat,70.0
2026-09-21T18:20:41.248953+00:00,sensor.soterrani_gran_humitat,69.0
2026-09-21T19:20:42.117564+00:00,sensor.soterrani_gran_humitat,70.0
2026-09-21T21:04:18.813899+00:00,sensor.soterrani_gran_humitat,71.0
2026-09-22T01:35:40.665403+00:00,sensor.soterrani_gran_humitat,72.0
2026-09-22T10:45:22.750012+00:00,sensor.soterrani_gran_humitat,69.0
2026-09-22T10:46:20.218937+00:00,sensor.soterrani_gran_humitat,65.0
2026-09-22T10:46:26.279985+00:00,sensor.soterrani_gran_humitat,62.0
2026-09-22T10:46:34.401944+00:00,sensor.soterrani_gran_humitat,58.0
2026-09-22T10:46:43.278164+00:00,sensor.soterrani_gran_humitat,55.0
2026-09-22T10:46:55.398833+00:00,sensor.soterrani_gran_humitat,52.0
2026-09-22T10:47:09.562796+00:00,sensor.soterrani_gran_humitat,50.0
2026-09-22T10:47:40.881933+00:00,sensor.soterrani_gran_humitat,49.0
2026-09-22T10:48:23.203060+00:00,sensor.soterrani_gran_humitat,48.0
2026-09-22T10:48:58.416451+00:00,sensor.soterrani_gran_humitat,47.0
2026-09-22T10:49:52.709597+00:00,sensor.soterrani_gran_humitat,46.0
2026-09-22T10:50:13.937912+00:00,sensor.soterrani_gran_humitat,45.0
2026-09-22T10:50:36.101754+00:00,sensor.soterrani_gran_humitat,44.0
2026-09-22T10:51:24.422807+00:00,sensor.soterrani_gran_humitat,43.0
2026-09-22T10:52:12.713905+00:00,sensor.soterrani_gran_humitat,42.0
2026-09-22T10:53:29.214747+00:00,sensor.soterrani_gran_humitat,41.0
2026-09-22T10:53:53.372478+00:00,sensor.soterrani_gran_humitat,42.0
2026-09-22T10:54:19.540946+00:00,sensor.soterrani_gran_humitat,43.0
2026-09-22T10:54:43.707927+00:00,sensor.soterrani_gran_humitat,41.0
2026-09-22T10:55:36.680931+00:00,sensor.soterrani_gran_humitat,42.0
2026-09-22T10:57:04.596113+00:00,sensor.soterrani_gran_humitat,41.0
2026-09-22T10:57:35.423588+00:00,sensor.soterrani_gran_humitat,40.0
2026-09-22T10:58:06.963798+00:00,sensor.soterrani_gran_humitat,42.0
2026-09-22T10:58:39.178867+00:00,sensor.soterrani_gran_humitat,41.0
2026-09-22T10:59:11.367558+00:00,sensor.soterrani_gran_humitat,43.0
2026-09-22T10:59:49.597812+00:00,sensor.soterrani_gran_humitat,42.0
2026-09-22T11:00:23.818429+00:00,sensor.soterrani_gran_humitat,43.0
2026-09-22T11:00:58.042873+00:00,sensor.soterrani_gran_humitat,41.0
2026-09-22T11:01:34.241043+00:00,sensor.soterrani_gran_humitat,43.0
2026-09-22T11:02:14.475516+00:00,sensor.soterrani_gran_humitat,41.0
2026-09-22T11:05:39.663082+00:00,sensor.soterrani_gran_humitat,42.0
2026-09-22T11:06:27.996515+00:00,sensor.soterrani_gran_humitat,41.0
2026-09-22T11:07:16.260795+00:00,sensor.soterrani_gran_humitat,42.0
2026-09-22T11:09:04.909239+00:00,sensor.soterrani_gran_humitat,43.0
2026-09-22T11:11:57.913758+00:00,sensor.soterrani_gran_humitat,41.0
2026-09-22T11:13:02.300240+00:00,sensor.soterrani_gran_humitat,42.0
2026-09-22T11:18:52.269153+00:00,sensor.soterrani_gran_humitat,41.0
2026-09-22T11:23:05.710688+00:00,sensor.soterrani_gran_humitat,40.0
2026-09-22T11:24:42.244597+00:00,sensor.soterrani_gran_humitat,41.0
2026-09-22T11:32:16.738017+00:00,sensor.soterrani_gran_humitat,42.0
2026-09-22T11:44:38.804800+00:00,sensor.soterrani_gran_humitat,46.0
2026-09-22T11:44:54.913875+00:00,sensor.soterrani_gran_humitat,49.0
2026-09-22T11:45:57.298654+00:00,sensor.soterrani_gran_humitat,52.0
2026-09-22T11:50:38.750084+00:00,sensor.soterrani_gran_humitat,54.0
2026-09-22T11:51:57.193131+00:00,sensor.soterrani_gran_humitat,55.0
2026-09-22T12:01:54.407045+00:00,sensor.soterrani_gran_humitat,56.0
2026-09-22T12:07:42.250490+00:00,sensor.soterrani_gran_humitat,57.0
2026-09-22T12:19:34.060399+00:00,sensor.soterrani_gran_humitat,58.0
2026-09-22T12:35:04.997175+00:00,sensor.soterrani_gran_humitat,59.0
2026-09-22T13:05:38.678471+00:00,sensor.soterrani_gran_humitat,60.0
2026-09-22T13:35:40.185818+00:00,sensor.soterrani_gran_humitat,61.0
2026-09-22T14:20:40.445155+00:00,sensor.soterrani_gran_humitat,62.0
2026-09-22T15:14:59.580758+00:00,sensor.soterrani_gran_humitat,63.0
2026-09-22T16:33:48.690165+00:00,sensor.soterrani_gran_humitat,66.0
2026-09-22T16:35:07.118742+00:00,sensor.soterrani_gran_humitat,67.0
2026-09-22T16:39:14.511805+00:00,sensor.soterrani_gran_humitat,66.0
2026-09-22T16:44:16.166849+00:00,sensor.soterrani_gran_humitat,65.0
2026-09-22T16:50:40.155020+00:00,sensor.soterrani_gran_humitat,66.0
2026-09-22T17:32:53.617424+00:00,sensor.soterrani_gran_humitat,67.0
2026-09-22T18:35:39.449449+00:00,sensor.soterrani_gran_humitat,68.0
2026-09-22T20:46:43.058233+00:00,sensor.soterrani_gran_humitat,67.0
2026-09-22T20:50:38.276890+00:00,sensor.soterrani_gran_humitat,68.0
2026-09-23T00:05:38.551907+00:00,sensor.soterrani_gran_humitat,69.0
2026-09-23T00:32:45.234083+00:00,sensor.soterrani_gran_humitat,70.0
2026-09-23T01:20:38.348102+00:00,sensor.soterrani_gran_humitat,71.0
2026-09-23T04:50:38.706284+00:00,sensor.soterrani_gran_humitat,72.0
2026-09-23T06:08:23.767187+00:00,sensor.soterrani_gran_humitat,73.0
2026-09-23T06:09:33.767703+00:00,sensor.soterrani_gran_humitat,74.0
2026-09-23T06:10:05.970470+00:00,sensor.soterrani_gran_humitat,75.0
2026-09-23T06:11:26.679106+00:00,sensor.soterrani_gran_humitat,76.0
2026-09-23T06:12:49.008756+00:00,sensor.soterrani_gran_humitat,77.0
2026-09-23T06:15:28.062245+00:00,sensor.soterrani_gran_humitat,78.0
2026-09-23T06:21:06.176877+00:00,sensor.soterrani_gran_humitat,77.0
2026-09-23T06:25:05.635225+00:00,sensor.soterrani_gran_humitat,76.0
2026-09-23T06:27:44.596365+00:00,sensor.soterrani_gran_humitat,75.0
2026-09-23T06:30:43.666955+00:00,sensor.soterrani_gran_humitat,74.0
2026-09-23T06:35:05.156992+00:00,sensor.soterrani_gran_humitat,73.0
2026-09-23T06:40:29.038731+00:00,sensor.soterrani_gran_humitat,72.0
2026-09-23T06:47:27.385595+00:00,sensor.soterrani_gran_humitat,71.0
2026-09-23T07:15:08.429440+00:00,sensor.soterrani_gran_humitat,70.0
2026-09-23T07:36:27.357291+00:00,sensor.soterrani_gran_humitat,71.0
2026-09-23T07:53:25.551526+00:00,sensor.soterrani_gran_humitat,67.0
2026-09-23T07:53:37.031746+00:00,sensor.soterrani_gran_humitat,64.0
2026-09-23T07:54:57.274664+00:00,sensor.soterrani_gran_humitat,61.0
2026-09-23T07:56:50.554596+00:00,sensor.soterrani_gran_humitat,64.0
2026-09-23T07:57:48.218036+00:00,sensor.soterrani_gran_humitat,60.0
2026-09-23T07:58:04.345302+00:00,sensor.soterrani_gran_humitat,57.0
2026-09-23T07:58:30.516619+00:00,sensor.soterrani_gran_humitat,55.0
2026-09-23T07:58:56.709616+00:00,sensor.soterrani_gran_humitat,56.0
2026-09-23T07:59:20.809776+00:00,sensor.soterrani_gran_humitat,55.0
2026-09-23T07:59:45.093112+00:00,sensor.soterrani_gran_humitat,53.0
2026-09-23T08:00:09.608427+00:00,sensor.soterrani_gran_humitat,52.0
2026-09-23T08:00:57.616771+00:00,sensor.soterrani_gran_humitat,51.0
2026-09-23T08:01:21.597141+00:00,sensor.soterrani_gran_humitat,50.0
2026-09-23T08:01:45.771648+00:00,sensor.soterrani_gran_humitat,49.0
2026-09-23T08:02:13.935857+00:00,sensor.soterrani_gran_humitat,48.0
2026-09-23T08:03:38.489347+00:00,sensor.soterrani_gran_humitat,47.0
2026-09-23T08:04:36.841348+00:00,sensor.soterrani_gran_humitat,45.0
2026-09-23T08:06:11.436716+00:00,sensor.soterrani_gran_humitat,43.0
2026-09-23T08:06:41.644752+00:00,sensor.soterrani_gran_humitat,44.0
2026-09-23T08:07:18.563220+00:00,sensor.soterrani_gran_humitat,43.0
2026-09-23T08:08:26.283158+00:00,sensor.soterrani_gran_humitat,42.0
2026-09-23T08:08:58.478574+00:00,sensor.soterrani_gran_humitat,41.0
2026-09-23T08:10:49.161248+00:00,sensor.soterrani_gran_humitat,40.0
2026-09-23T08:11:27.391104+00:00,sensor.soterrani_gran_humitat,39.0
2026-09-23T08:12:06.136683+00:00,sensor.soterrani_gran_humitat,40.0
2026-09-23T08:13:34.153021+00:00,sensor.soterrani_gran_humitat,39.0
2026-09-23T08:14:14.377504+00:00,sensor.soterrani_gran_humitat,40.0
2026-09-23T08:16:41.257463+00:00,sensor.soterrani_gran_humitat,39.0
2026-09-23T08:17:37.584278+00:00,sensor.soterrani_gran_humitat,40.0
2026-09-23T08:18:31.866290+00:00,sensor.soterrani_gran_humitat,39.0
2026-09-23T08:29:27.607579+00:00,sensor.soterrani_gran_humitat,42.0
2026-09-23T08:29:45.713631+00:00,sensor.soterrani_gran_humitat,45.0
2026-09-23T08:30:13.919450+00:00,sensor.soterrani_gran_humitat,48.0
2026-09-23T08:30:54.158220+00:00,sensor.soterrani_gran_humitat,51.0
2026-09-23T08:31:36.394436+00:00,sensor.soterrani_gran_humitat,54.0
2026-09-23T08:32:36.753831+00:00,sensor.soterrani_gran_humitat,57.0
2026-09-23T08:33:39.103671+00:00,sensor.soterrani_gran_humitat,59.0
2026-09-23T08:34:53.519575+00:00,sensor.soterrani_gran_humitat,60.0
2026-09-23T08:35:37.740115+00:00,sensor.soterrani_gran_humitat,61.0
2026-09-23T08:50:38.579312+00:00,sensor.soterrani_gran_humitat,60.0
2026-09-23T09:13:42.047146+00:00,sensor.soterrani_gran_humitat,61.0
2026-09-23T09:48:39.293160+00:00,sensor.soterrani_gran_humitat,62.0
2026-09-23T09:51:33.192267+00:00,sensor.soterrani_gran_humitat,63.0
2026-09-23T09:52:24.519802+00:00,sensor.soterrani_gran_humitat,64.0
2026-09-23T09:53:08.808959+00:00,sensor.soterrani_gran_humitat,65.0
2026-09-23T09:53:51.057015+00:00,sensor.soterrani_gran_humitat,66.0
2026-09-23T09:55:16.236709+00:00,sensor.soterrani_gran_humitat,67.0
2026-09-23T09:56:40.016743+00:00,sensor.soterrani_gran_humitat,68.0
2026-09-23T10:08:24.139405+00:00,sensor.soterrani_gran_humitat,67.0
2026-09-23T10:20:38.253954+00:00,sensor.soterrani_gran_humitat,66.0
2026-09-23T10:24:13.480542+00:00,sensor.soterrani_gran_humitat,62.0
2026-09-23T10:24:21.641921+00:00,sensor.soterrani_gran_humitat,66.0
2026-09-23T10:24:51.771547+00:00,sensor.soterrani_gran_humitat,65.0
2026-09-23T10:25:21.969406+00:00,sensor.soterrani_gran_humitat,64.0
2026-09-23T10:26:22.337893+00:00,sensor.soterrani_gran_humitat,63.0
2026-09-23T10:27:34.776412+00:00,sensor.soterrani_gran_humitat,62.0
2026-09-23T10:28:15.014821+00:00,sensor.soterrani_gran_humitat,61.0
2026-09-23T10:29:03.301822+00:00,sensor.soterrani_gran_humitat,60.0
2026-09-23T10:31:03.993447+00:00,sensor.soterrani_gran_humitat,59.0
2026-09-23T10:33:56.963243+00:00,sensor.soterrani_gran_humitat,58.0
2026-09-23T10:35:57.620486+00:00,sensor.soterrani_gran_humitat,57.0
2026-09-23T10:41:59.589485+00:00,sensor.soterrani_gran_humitat,56.0
2026-09-23T10:47:21.311871+00:00,sensor.soterrani_gran_humitat,55.0
2026-09-23T10:50:38.324269+00:00,sensor.soterrani_gran_humitat,54.0
2026-09-23T11:04:16.665878+00:00,sensor.soterrani_gran_humitat,53.0
2026-09-20T22:42:41.634891+00:00,sensor.baixa_temperatura,unavailable
2026-09-20T22:42:42.051358+00:00,sensor.baixa_temperatura,27.0
2026-09-20T23:23:14.391282+00:00,sensor.baixa_temperatura,26.9
2026-09-21T00:14:44.780366+00:00,sensor.baixa_temperatura,unavailable
2026-09-21T00:15:06.932912+00:00,sensor.baixa_temperatura,26.9
2026-09-21T00:21:56.478536+00:00,sensor.baixa_temperatura,26.8
2026-09-21T00:21:58.536998+00:00,sensor.baixa_temperatura,26.9
2026-09-21T01:06:57.801785+00:00,sensor.baixa_temperatura,26.8
2026-09-21T01:34:45.948128+00:00,sensor.baixa_temperatura,unavailable
2026-09-21T01:34:53.780273+00:00,sensor.baixa_temperatura,26.8
2026-09-21T03:36:55.652409+00:00,sensor.baixa_temperatura,26.7
2026-09-21T03:36:57.706788+00:00,sensor.baixa_temperatura,26.8
2026-09-21T04:06:56.973629+00:00,sensor.baixa_temperatura,26.7
2026-09-21T05:38:36.747601+00:00,sensor.baixa_temperatura,26.6
2026-09-21T05:51:55.320499+00:00,sensor.baixa_temperatura,26.7
2026-09-21T07:39:36.881239+00:00,sensor.baixa_temperatura,26.6
2026-09-21T07:47:05.421011+00:00,sensor.baixa_temperatura,26.3
2026-09-21T08:06:55.466244+00:00,sensor.baixa_temperatura,26.5
2026-09-21T08:12:59.042205+00:00,sensor.baixa_temperatura,26.6
2026-09-21T08:36:54.993748+00:00,sensor.baixa_temperatura,26.5
2026-09-21T08:39:37.928875+00:00,sensor.baixa_temperatura,26.3
2026-09-21T08:51:54.969538+00:00,sensor.baixa_temperatura,26.2
2026-09-21T08:51:57.043230+00:00,sensor.baixa_temperatura,26.1
2026-09-21T08:56:49.497622+00:00,sensor.baixa_temperatura,26.0
2026-09-21T09:21:56.284061+00:00,sensor.baixa_temperatura,25.9
2026-09-21T09:36:56.059459+00:00,sensor.baixa_temperatura,25.8
2026-09-21T09:42:21.996609+00:00,sensor.baixa_temperatura,25.7
2026-09-21T10:04:43.555487+00:00,sensor.baixa_temperatura,26.0
2026-09-21T10:06:55.579669+00:00,sensor.baixa_temperatura,26.1
2026-09-21T10:08:12.559144+00:00,sensor.baixa_temperatura,26.4
2026-09-21T10:08:45.570160+00:00,sensor.baixa_temperatura,26.5
2026-09-21T10:10:33.324713+00:00,sensor.baixa_temperatura,26.8
2026-09-21T10:16:47.325859+00:00,sensor.baixa_temperatura,27.1
2026-09-21T10:21:55.354355+00:00,sensor.baixa_temperatura,27.2
2026-09-21T10:31:51.591562+00:00,sensor.baixa_temperatura,27.4
2026-09-21T10:50:21.972396+00:00,sensor.baixa_temperatura,27.7
2026-09-21T11:06:57.117433+00:00,sensor.baixa_temperatura,27.9
2026-09-21T11:06:59.164111+00:00,sensor.baixa_temperatura,27.8
2026-09-21T11:14:21.095106+00:00,sensor.baixa_temperatura,28.0
2026-09-21T11:21:56.412690+00:00,sensor.baixa_temperatura,28.1
2026-09-21T11:31:39.397250+00:00,sensor.baixa_temperatura,28.3
2026-09-21T11:36:56.188311+00:00,sensor.baixa_temperatura,28.4
2026-09-21T11:40:12.120398+00:00,sensor.baixa_temperatura,28.6
2026-09-21T11:51:56.166953+00:00,sensor.baixa_temperatura,28.7
2026-09-21T11:58:36.184580+00:00,sensor.baixa_temperatura,28.9
2026-09-21T12:21:55.487425+00:00,sensor.baixa_temperatura,29.0
2026-09-21T12:36:55.238971+00:00,sensor.baixa_temperatura,28.8
2026-09-21T13:12:58.295867+00:00,sensor.baixa_temperatura,28.7
2026-09-21T13:15:58.219024+00:00,sensor.baixa_temperatura,28.8
2026-09-21T13:36:56.563718+00:00,sensor.baixa_temperatura,28.6
2026-09-21T13:51:56.330956+00:00,sensor.baixa_temperatura,28.7
2026-09-21T14:21:55.850696+00:00,sensor.baixa_temperatura,28.8
2026-09-21T14:36:55.627420+00:00,sensor.baixa_temperatura,28.9
2026-09-21T14:47:29.323810+00:00,sensor.baixa_temperatura,29.0
2026-09-21T14:51:55.387604+00:00,sensor.baixa_temperatura,28.9
2026-09-21T15:06:55.365526+00:00,sensor.baixa_temperatura,29.0
2026-09-21T15:36:54.683481+00:00,sensor.baixa_temperatura,29.1
2026-09-21T16:21:53.970697+00:00,sensor.baixa_temperatura,28.9
2026-09-21T16:36:55.997144+00:00,sensor.baixa_temperatura,28.8
2026-09-21T16:45:26.437966+00:00,sensor.baixa_temperatura,28.7
2026-09-21T17:06:55.527768+00:00,sensor.baixa_temperatura,28.5
2026-09-21T17:09:44.999747+00:00,sensor.baixa_temperatura,28.4
2026-09-21T17:21:57.551875+00:00,sensor.baixa_temperatura,28.5
2026-09-21T17:36:55.046438+00:00,sensor.baixa_temperatura,28.3
2026-09-21T17:51:54.813763+00:00,sensor.baixa_temperatura,28.5
2026-09-21T17:57:46.802881+00:00,sensor.baixa_temperatura,28.7
2026-09-21T18:01:07.058980+00:00,sensor.baixa_temperatura,29.0
2026-09-21T18:03:27.799142+00:00,sensor.baixa_temperatura,29.3
2026-09-21T18:05:55.522764+00:00,sensor.baixa_temperatura,29.6
2026-09-21T18:10:19.524180+00:00,sensor.baixa_temperatura,29.9
2026-09-21T18:36:54.112119+00:00,sensor.baixa_temperatura,29.7
2026-09-21T18:38:15.555717+00:00,sensor.baixa_temperatura,29.6
2026-09-21T18:51:53.889135+00:00,sensor.baixa_temperatura,29.7
2026-09-21T19:06:53.643870+00:00,sensor.baixa_temperatura,29.5
2026-09-21T19:21:53.626183+00:00,sensor.baixa_temperatura,29.4
2026-09-21T19:32:26.885306+00:00,sensor.baixa_temperatura,29.3
2026-09-21T20:06:54.703441+00:00,sensor.baixa_temperatura,29.4
2026-09-21T20:21:54.688834+00:00,sensor.baixa_temperatura,29.1
2026-09-21T20:28:43.663788+00:00,sensor.baixa_temperatura,29.0
2026-09-21T20:46:03.971001+00:00,sensor.baixa_temperatura,28.7
2026-09-21T21:06:53.712645+00:00,sensor.baixa_temperatura,28.5
2026-09-21T21:10:09.225169+00:00,sensor.baixa_temperatura,28.4
2026-09-21T21:21:55.717675+00:00,sensor.baixa_temperatura,28.3
2026-09-21T22:02:17.722064+00:00,sensor.baixa_temperatura,28.1
2026-09-21T22:06:54.754372+00:00,sensor.baixa_temperatura,28.2
2026-09-21T22:51:53.824900+00:00,sensor.baixa_temperatura,28.3
2026-09-21T23:02:53.812898+00:00,sensor.baixa_temperatura,28.4
2026-09-21T23:06:53.799411+00:00,sensor.baixa_temperatura,28.3
2026-09-21T23:21:53.338388+00:00,sensor.baixa_temperatura,28.2
2026-09-21T23:34:41.077878+00:00,sensor.baixa_temperatura,28.1
2026-09-21T23:36:53.109108+00:00,sensor.baixa_temperatura,28.2
2026-09-21T23:51:55.131432+00:00,sensor.baixa_temperatura,28.1
2026-09-22T00:06:54.903115+00:00,sensor.baixa_temperatura,27.9
2026-09-22T00:21:56.913710+00:00,sensor.baixa_temperatura,27.8
2026-09-22T00:51:54.195129+00:00,sensor.baixa_temperatura,27.9
2026-09-22T01:06:53.946893+00:00,sensor.baixa_temperatura,27.8
2026-09-22T01:51:53.230736+00:00,sensor.baixa_temperatura,27.7
2026-09-22T02:21:52.976377+00:00,sensor.baixa_temperatura,27.6
2026-09-22T02:35:28.952861+00:00,sensor.baixa_temperatura,27.5
2026-09-22T02:36:54.978081+00:00,sensor.baixa_temperatura,27.6
2026-09-22T02:51:54.269982+00:00,sensor.baixa_temperatura,27.5
2026-09-22T03:21:54.023030+00:00,sensor.baixa_temperatura,27.4
2026-09-22T03:51:53.338392+00:00,sensor.baixa_temperatura,27.5
2026-09-22T04:06:53.095550+00:00,sensor.baixa_temperatura,27.4
2026-09-22T04:36:52.617401+00:00,sensor.baixa_temperatura,27.3
2026-09-22T04:42:40.102019+00:00,sensor.baixa_temperatura,27.2
2026-09-22T06:06:53.428572+00:00,sensor.baixa_temperatura,27.3
2026-09-22T06:13:53.660412+00:00,sensor.baixa_temperatura,27.5
2026-09-22T06:21:53.190816+00:00,sensor.baixa_temperatura,27.6
2026-09-22T06:29:06.664852+00:00,sensor.baixa_temperatura,27.8
2026-09-22T06:51:59.056947+00:00,sensor.baixa_temperatura,28.0
2026-09-22T06:53:03.156771+00:00,sensor.baixa_temperatura,28.1
2026-09-22T07:06:52.485718+00:00,sensor.baixa_temperatura,28.2
2026-09-22T08:06:53.521338+00:00,sensor.baixa_temperatura,28.1
2026-09-22T08:51:52.819388+00:00,sensor.baixa_temperatura,28.2
2026-09-22T09:06:52.589198+00:00,sensor.baixa_temperatura,28.1
2026-09-22T09:21:52.354469+00:00,sensor.baixa_temperatura,28.2
2026-09-22T10:06:51.663220+00:00,sensor.baixa_temperatura,28.3
2026-09-22T10:36:53.419794+00:00,sensor.baixa_temperatura,28.2
2026-09-22T10:45:30.404531+00:00,sensor.baixa_temperatura,28.1
2026-09-22T10:46:23.393410+00:00,sensor.baixa_temperatura,28.2
2026-09-22T10:46:40.922239+00:00,sensor.baixa_temperatura,28.1
2026-09-22T10:47:13.913379+00:00,sensor.baixa_temperatura,27.8
2026-09-22T10:47:35.911153+00:00,sensor.baixa_temperatura,27.5
2026-09-22T10:47:55.991497+00:00,sensor.baixa_temperatura,27.2
2026-09-22T10:48:11.374676+00:00,sensor.baixa_temperatura,26.9
2026-09-22T10:48:28.658554+00:00,sensor.baixa_temperatura,26.6
2026-09-22T10:48:46.371291+00:00,sensor.baixa_temperatura,26.3
2026-09-22T10:49:03.914651+00:00,sensor.baixa_temperatura,26.0
2026-09-22T10:49:21.415064+00:00,sensor.baixa_temperatura,25.7
2026-09-22T10:49:36.903776+00:00,sensor.baixa_temperatura,25.4
2026-09-22T10:49:52.699031+00:00,sensor.baixa_temperatura,25.1
2026-09-22T10:50:12.375215+00:00,sensor.baixa_temperatura,24.8
2026-09-22T10:50:27.419092+00:00,sensor.baixa_temperatura,24.5
2026-09-22T10:50:45.372506+00:00,sensor.baixa_temperatura,24.2
2026-09-22T10:51:02.656510+00:00,sensor.baixa_temperatura,23.9
2026-09-22T10:51:20.374706+00:00,sensor.baixa_temperatura,23.6
2026-09-22T10:51:37.917671+00:00,sensor.baixa_temperatura,23.3
2026-09-22T10:51:53.402606+00:00,sensor.baixa_temperatura,23.1
2026-09-22T10:51:55.446864+00:00,sensor.baixa_temperatura,23.0
2026-09-22T10:52:15.373172+00:00,sensor.baixa_temperatura,22.7
2026-09-22T10:52:35.766306+00:00,sensor.baixa_temperatura,22.4
2026-09-22T10:52:56.917550+00:00,sensor.baixa_temperatura,22.1
2026-09-22T10:53:14.421220+00:00,sensor.baixa_temperatura,21.8
2026-09-22T10:53:36.417269+00:00,sensor.baixa_temperatura,21.5
2026-09-22T10:53:58.423839+00:00,sensor.baixa_temperatura,21.2
2026-09-22T10:54:18.386241+00:00,sensor.baixa_temperatura,20.9
2026-09-22T10:54:40.430718+00:00,sensor.baixa_temperatura,20.6
2026-09-22T10:55:03.317217+00:00,sensor.baixa_temperatura,20.3
2026-09-22T10:55:26.421610+00:00,sensor.baixa_temperatura,20.0
2026-09-22T10:55:50.678265+00:00,sensor.baixa_temperatura,19.7
2026-09-22T10:56:17.390395+00:00,sensor.baixa_temperatura,19.4
2026-09-22T10:56:39.376697+00:00,sensor.baixa_temperatura,19.1
2026-09-22T10:57:07.670059+00:00,sensor.baixa_temperatura,18.8
2026-09-22T10:57:34.399241+00:00,sensor.baixa_temperatura,18.5
2026-09-22T10:58:02.672726+00:00,sensor.baixa_temperatura,18.2
2026-09-22T10:58:31.979393+00:00,sensor.baixa_temperatura,17.9
2026-09-22T10:59:06.424602+00:00,sensor.baixa_temperatura,17.6
2026-09-22T10:59:38.419259+00:00,sensor.baixa_temperatura,17.3
2026-09-22T11:00:10.385886+00:00,sensor.baixa_temperatura,17.0
2026-09-22T11:00:45.425787+00:00,sensor.baixa_temperatura,16.7
2026-09-22T11:01:20.930070+00:00,sensor.baixa_temperatura,16.4
2026-09-22T11:01:59.163941+00:00,sensor.baixa_temperatura,16.1
2026-09-22T11:02:35.423446+00:00,sensor.baixa_temperatura,15.8
2026-09-22T11:03:21.673018+00:00,sensor.baixa_temperatura,15.5
2026-09-22T11:04:03.428611+00:00,sensor.baixa_temperatura,15.2
2026-09-22T11:04:47.422244+00:00,sensor.baixa_temperatura,14.9
2026-09-22T11:05:38.395929+00:00,sensor.baixa_temperatura,14.6
2026-09-22T11:06:26.436899+00:00,sensor.baixa_temperatura,14.3
2026-09-22T11:06:52.957590+00:00,sensor.baixa_temperatura,14.2
2026-09-22T11:07:14.938286+00:00,sensor.baixa_temperatura,14.0
2026-09-22T11:08:09.927897+00:00,sensor.baixa_temperatura,13.7
2026-09-22T11:09:07.396106+00:00,sensor.baixa_temperatura,13.4
2026-09-22T11:10:04.397220+00:00,sensor.baixa_temperatura,13.1
2026-09-22T11:11:08.402781+00:00,sensor.baixa_temperatura,12.8
2026-09-22T11:12:11.936286+00:00,sensor.baixa_temperatura,12.5
2026-09-22T11:13:17.929288+00:00,sensor.baixa_temperatura,12.2
2026-09-22T11:14:30.447850+00:00,sensor.baixa_temperatura,11.9
2026-09-22T11:15:43.414721+00:00,sensor.baixa_temperatura,11.6
2026-09-22T11:16:57.933248+00:00,sensor.baixa_temperatura,11.3
2026-09-22T11:18:21.440882+00:00,sensor.baixa_temperatura,11.0
2026-09-22T11:19:45.404260+00:00,sensor.baixa_temperatura,10.7
2026-09-22T11:21:10.951058+00:00,sensor.baixa_temperatura,10.4
2026-09-22T11:21:52.716913+00:00,sensor.baixa_temperatura,10.3
2026-09-22T11:22:43.407013+00:00,sensor.baixa_temperatura,10.1
2026-09-22T11:24:22.412033+00:00,sensor.baixa_temperatura,9.8
2026-09-22T11:26:10.409905+00:00,sensor.baixa_temperatura,9.5
2026-09-22T11:27:53.449990+00:00,sensor.baixa_temperatura,9.2
2026-09-22T11:30:01.416939+00:00,sensor.baixa_temperatura,8.9
2026-09-22T11:32:02.418276+00:00,sensor.baixa_temperatura,8.6
2026-09-22T11:34:05.420202+00:00,sensor.baixa_temperatura,8.3
2026-09-22T11:36:37.429590+00:00,sensor.baixa_temperatura,8.0
2026-09-22T11:39:11.418910+00:00,sensor.baixa_temperatura,7.7
2026-09-22T11:41:51.708720+00:00,sensor.baixa_temperatura,7.4
2026-09-22T11:44:36.733268+00:00,sensor.baixa_temperatura,7.2
2026-09-22T11:45:16.436937+00:00,sensor.baixa_temperatura,7.3
2026-09-22T11:46:59.725358+00:00,sensor.baixa_temperatura,7.4
2026-09-22T11:51:52.468707+00:00,sensor.baixa_temperatura,7.5
2026-09-22T11:51:54.521607+00:00,sensor.baixa_temperatura,7.4
2026-09-22T11:58:10.484121+00:00,sensor.baixa_temperatura,7.1
2026-09-22T12:03:53.738112+00:00,sensor.baixa_temperatura,6.8
2026-09-22T12:06:52.011751+00:00,sensor.baixa_temperatura,6.7
2026-09-22T12:09:41.464038+00:00,sensor.baixa_temperatura,6.5
2026-09-22T12:15:40.006526+00:00,sensor.baixa_temperatura,6.2
2026-09-22T12:21:51.785056+00:00,sensor.baixa_temperatura,6.0
2026-09-22T12:22:49.008831+00:00,sensor.baixa_temperatura,5.9
2026-09-22T12:30:22.478762+00:00,sensor.baixa_temperatura,5.6
2026-09-22T12:36:51.542853+00:00,sensor.baixa_temperatura,5.4
2026-09-22T12:39:38.767171+00:00,sensor.baixa_temperatura,5.3
2026-09-22T12:50:12.489492+00:00,sensor.baixa_temperatura,5.0
2026-09-22T13:03:39.550900+00:00,sensor.baixa_temperatura,4.7
2026-09-22T13:21:52.835779+00:00,sensor.baixa_temperatura,4.5
2026-09-22T13:22:41.524139+00:00,sensor.baixa_temperatura,4.4
2026-09-22T13:36:52.602448+00:00,sensor.baixa_temperatura,4.3
2026-09-22T13:46:22.547947+00:00,sensor.baixa_temperatura,4.1
2026-09-22T14:06:52.147482+00:00,sensor.baixa_temperatura,4.0
2026-09-22T14:21:51.943822+00:00,sensor.baixa_temperatura,3.9
2026-09-22T14:26:24.670991+00:00,sensor.baixa_temperatura,3.8
2026-09-22T14:44:57.924110+00:00,sensor.baixa_temperatura,4.1
2026-09-22T14:51:51.650449+00:00,sensor.baixa_temperatura,4.2
2026-09-22T15:06:53.177394+00:00,sensor.baixa_temperatura,4.1
2026-09-22T15:15:47.665043+00:00,sensor.baixa_temperatura,4.4
2026-09-22T15:36:52.719384+00:00,sensor.baixa_temperatura,4.3
2026-09-22T15:51:52.695177+00:00,sensor.baixa_temperatura,4.2
2026-09-22T15:57:37.677588+00:00,sensor.baixa_temperatura,4.1
2026-09-22T16:21:51.780108+00:00,sensor.baixa_temperatura,4.0
2026-09-22T16:33:16.016347+00:00,sensor.baixa_temperatura,4.4
2026-09-22T16:33:57.759772+00:00,sensor.baixa_temperatura,4.7
2026-09-22T16:34:37.726132+00:00,sensor.baixa_temperatura,5.0
2026-09-22T16:35:21.728627+00:00,sensor.baixa_temperatura,5.3
2026-09-22T16:36:07.731724+00:00,sensor.baixa_temperatura,5.6
2026-09-22T16:36:51.750134+00:00,sensor.baixa_temperatura,5.8
2026-09-22T16:36:55.769171+00:00,sensor.baixa_temperatura,5.9
2026-09-22T16:37:50.763939+00:00,sensor.baixa_temperatura,6.2
2026-09-22T16:38:56.758773+00:00,sensor.baixa_temperatura,6.5
2026-09-22T16:40:18.273869+00:00,sensor.baixa_temperatura,6.8
2026-09-22T16:42:19.260433+00:00,sensor.baixa_temperatura,7.1
2026-09-22T16:45:59.270268+00:00,sensor.baixa_temperatura,7.4
2026-09-22T16:51:51.297812+00:00,sensor.baixa_temperatura,7.5
2026-09-22T17:06:53.326433+00:00,sensor.baixa_temperatura,7.3
2026-09-22T17:13:05.049177+00:00,sensor.baixa_temperatura,7.1
2026-09-22T17:21:53.083522+00:00,sensor.baixa_temperatura,7.0
2026-09-22T17:27:03.321056+00:00,sensor.baixa_temperatura,6.8
2026-09-22T17:36:52.852421+00:00,sensor.baixa_temperatura,6.6
2026-09-22T17:40:43.825709+00:00,sensor.baixa_temperatura,6.5
2026-09-22T17:51:52.852241+00:00,sensor.baixa_temperatura,6.3
2026-09-22T17:55:32.830539+00:00,sensor.baixa_temperatura,6.2
2026-09-22T18:06:52.415682+00:00,sensor.baixa_temperatura,6.1
2026-09-22T18:11:53.865232+00:00,sensor.baixa_temperatura,5.9
2026-09-22T18:21:52.195238+00:00,sensor.baixa_temperatura,5.8
2026-09-22T18:30:59.893878+00:00,sensor.baixa_temperatura,5.6
2026-09-22T18:51:51.882454+00:00,sensor.baixa_temperatura,5.4
2026-09-22T18:52:09.156426+00:00,sensor.baixa_temperatura,5.3
2026-09-22T19:06:51.433084+00:00,sensor.baixa_temperatura,5.2
2026-09-22T19:21:09.432941+00:00,sensor.baixa_temperatura,5.0
2026-09-22T19:51:52.994103+00:00,sensor.baixa_temperatura,5.2
2026-09-22T19:53:56.215473+00:00,sensor.baixa_temperatura,5.3
2026-09-22T20:06:52.983502+00:00,sensor.baixa_temperatura,5.4
2026-09-22T20:14:19.269392+00:00,sensor.baixa_temperatura,5.6
2026-09-22T20:21:52.562189+00:00,sensor.baixa_temperatura,5.7
2026-09-22T20:33:41.021179+00:00,sensor.baixa_temperatura,5.9
2026-09-22T20:51:52.118723+00:00,sensor.baixa_temperatura,6.1
2026-09-22T20:52:34.058352+00:00,sensor.baixa_temperatura,6.2
2026-09-22T21:06:52.103041+00:00,sensor.baixa_temperatura,6.3
2026-09-22T21:14:07.346220+00:00,sensor.baixa_temperatura,6.5
2026-09-22T21:34:46.027526+00:00,sensor.baixa_temperatura,6.8
2026-09-22T21:51:51.123120+00:00,sensor.baixa_temperatura,7.0
2026-09-22T21:57:56.443043+00:00,sensor.baixa_temperatura,7.1
2026-09-22T22:06:53.155370+00:00,sensor.baixa_temperatura,7.2
2026-09-22T22:21:53.121181+00:00,sensor.baixa_temperatura,7.3
2026-09-22T22:22:34.378964+00:00,sensor.baixa_temperatura,7.4
2026-09-22T22:36:52.414429+00:00,sensor.baixa_temperatura,7.5
2026-09-22T22:48:36.396241+00:00,sensor.baixa_temperatura,7.7
2026-09-22T23:06:52.145970+00:00,sensor.baixa_temperatura,7.9
2026-09-22T23:11:31.159179+00:00,sensor.baixa_temperatura,8.0
2026-09-22T23:21:51.689610+00:00,sensor.baixa_temperatura,8.1
2026-09-22T23:31:06.138784+00:00,sensor.baixa_temperatura,8.3
2026-09-22T23:51:51.219891+00:00,sensor.baixa_temperatura,8.2
2026-09-23T00:06:51.195997+00:00,sensor.baixa_temperatura,8.1
2026-09-23T00:07:02.171418+00:00,sensor.baixa_temperatura,8.0
2026-09-23T00:21:53.211035+00:00,sensor.baixa_temperatura,7.9
2026-09-23T00:28:26.469860+00:00,sensor.baixa_temperatura,7.7
2026-09-23T00:36:52.497305+00:00,sensor.baixa_temperatura,7.6
2026-09-23T00:48:32.190638+00:00,sensor.baixa_temperatura,7.4
2026-09-23T01:06:52.230824+00:00,sensor.baixa_temperatura,7.2
2026-09-23T01:10:36.247757+00:00,sensor.baixa_temperatura,7.1
2026-09-23T01:21:51.778730+00:00,sensor.baixa_temperatura,7.0
2026-09-23T01:35:14.758847+00:00,sensor.baixa_temperatura,6.8
2026-09-23T01:51:51.306054+00:00,sensor.baixa_temperatura,6.7
2026-09-23T02:03:50.789701+00:00,sensor.baixa_temperatura,6.5
2026-09-23T02:21:50.824405+00:00,sensor.baixa_temperatura,6.4
2026-09-23T02:36:52.841649+00:00,sensor.baixa_temperatura,6.3
2026-09-23T02:37:01.560869+00:00,sensor.baixa_temperatura,6.2
2026-09-23T03:06:52.356612+00:00,sensor.baixa_temperatura,6.1
2026-09-23T03:19:29.294707+00:00,sensor.baixa_temperatura,5.9
2026-09-23T03:21:52.323672+00:00,sensor.baixa_temperatura,6.0
2026-09-23T03:36:51.611637+00:00,sensor.baixa_temperatura,5.9
2026-09-23T03:51:51.384692+00:00,sensor.baixa_temperatura,5.8
2026-09-23T04:06:51.358665+00:00,sensor.baixa_temperatura,5.7
2026-09-23T04:20:22.876514+00:00,sensor.baixa_temperatura,5.6
2026-09-23T04:21:50.900115+00:00,sensor.baixa_temperatura,5.7
2026-09-23T04:36:50.664920+00:00,sensor.baixa_temperatura,5.6
2026-09-23T05:06:52.437037+00:00,sensor.baixa_temperatura,5.5
2026-09-23T05:21:52.409312+00:00,sensor.baixa_temperatura,5.4
2026-09-23T05:41:33.443957+00:00,sensor.baixa_temperatura,5.3
2026-09-23T06:06:51.489585+00:00,sensor.baixa_temperatura,5.4
2026-09-23T06:07:24.451480+00:00,sensor.baixa_temperatura,5.6
2026-09-23T06:08:01.958984+00:00,sensor.baixa_temperatura,5.9
2026-09-23T06:08:32.708263+00:00,sensor.baixa_temperatura,6.2
2026-09-23T06:09:01.429289+00:00,sensor.baixa_temperatura,6.5
2026-09-23T06:09:27.718099+00:00,sensor.baixa_temperatura,6.8
2026-09-23T06:09:49.719465+00:00,sensor.baixa_temperatura,7.1
2026-09-23T06:10:13.965895+00:00,sensor.baixa_temperatura,7.4
2026-09-23T06:10:38.420148+00:00,sensor.baixa_temperatura,7.7
2026-09-23T06:11:02.756841+00:00,sensor.baixa_temperatura,8.0
2026-09-23T06:11:27.678867+00:00,sensor.baixa_temperatura,8.3
2026-09-23T06:11:48.742743+00:00,sensor.baixa_temperatura,8.6
2026-09-23T06:12:14.958207+00:00,sensor.baixa_temperatura,8.9
2026-09-23T06:12:41.425706+00:00,sensor.baixa_temperatura,9.2
2026-09-23T06:13:03.482903+00:00,sensor.baixa_temperatura,9.5
2026-09-23T06:13:27.469223+00:00,sensor.baixa_temperatura,9.8
2026-09-23T06:13:51.714720+00:00,sensor.baixa_temperatura,10.1
2026-09-23T06:14:15.970695+00:00,sensor.baixa_temperatura,10.4
2026-09-23T06:14:44.465270+00:00,sensor.baixa_temperatura,10.7
2026-09-23T06:15:08.711695+00:00,sensor.baixa_temperatura,11.0
2026-09-23T06:15:35.431243+00:00,sensor.baixa_temperatura,11.3
2026-09-23T06:16:03.724456+00:00,sensor.baixa_temperatura,11.6
2026-09-23T06:16:32.431941+00:00,sensor.baixa_temperatura,11.9
2026-09-23T06:17:00.963242+00:00,sensor.baixa_temperatura,12.2
2026-09-23T06:17:27.426087+00:00,sensor.baixa_temperatura,12.5
2026-09-23T06:17:58.433766+00:00,sensor.baixa_temperatura,12.8
2026-09-23T06:18:31.437830+00:00,sensor.baixa_temperatura,13.1
2026-09-23T06:19:01.970677+00:00,sensor.baixa_temperatura,13.4
2026-09-23T06:19:34.966052+00:00,sensor.baixa_temperatura,13.7
2026-09-23T06:20:07.979920+00:00,sensor.baixa_temperatura,14.0
2026-09-23T06:20:43.438250+00:00,sensor.baixa_temperatura,14.3
2026-09-23T06:21:20.472459+00:00,sensor.baixa_temperatura,14.6
2026-09-23T06:21:51.466982+00:00,sensor.baixa_temperatura,14.8
2026-09-23T06:21:57.733132+00:00,sensor.baixa_temperatura,14.9
2026-09-23T06:22:35.441067+00:00,sensor.baixa_temperatura,15.2
2026-09-23T06:23:16.975040+00:00,sensor.baixa_temperatura,15.5
2026-09-23T06:23:56.479426+00:00,sensor.baixa_temperatura,15.8
2026-09-23T06:24:38.747466+00:00,sensor.baixa_temperatura,16.1
2026-09-23T06:25:24.999349+00:00,sensor.baixa_temperatura,16.4
2026-09-23T06:26:06.437174+00:00,sensor.baixa_temperatura,16.7
2026-09-23T06:26:56.975032+00:00,sensor.baixa_temperatura,17.0
2026-09-23T06:27:45.602878+00:00,sensor.baixa_temperatura,17.3
2026-09-23T06:28:40.447742+00:00,sensor.baixa_temperatura,17.6
2026-09-23T06:29:35.448312+00:00,sensor.baixa_temperatura,17.9
2026-09-23T06:30:32.483103+00:00,sensor.baixa_temperatura,18.2
2026-09-23T06:31:34.448406+00:00,sensor.baixa_temperatura,18.5
2026-09-23T06:32:35.744391+00:00,sensor.baixa_temperatura,18.8
2026-09-23T06:33:41.743925+00:00,sensor.baixa_temperatura,19.1
2026-09-23T06:34:49.997017+00:00,sensor.baixa_temperatura,19.4
2026-09-23T06:36:00.457778+00:00,sensor.baixa_temperatura,19.7
2026-09-23T06:36:51.022111+00:00,sensor.baixa_temperatura,19.9
2026-09-23T06:37:08.499588+00:00,sensor.baixa_temperatura,20.0
2026-09-23T06:38:32.464040+00:00,sensor.baixa_temperatura,20.3
2026-09-23T06:39:55.745250+00:00,sensor.baixa_temperatura,20.6
2026-09-23T06:41:26.503585+00:00,sensor.baixa_temperatura,20.9
2026-09-23T06:42:53.993883+00:00,sensor.baixa_temperatura,21.2
2026-09-23T06:44:33.010614+00:00,sensor.baixa_temperatura,21.5
2026-09-23T06:46:12.005411+00:00,sensor.baixa_temperatura,21.8
2026-09-23T06:48:04.471198+00:00,sensor.baixa_temperatura,22.1
2026-09-23T06:50:00.764506+00:00,sensor.baixa_temperatura,22.4
2026-09-23T06:51:50.785784+00:00,sensor.baixa_temperatura,22.6
2026-09-23T06:52:17.474398+00:00,sensor.baixa_temperatura,22.7
2026-09-23T06:54:31.472749+00:00,sensor.baixa_temperatura,23.0
2026-09-23T06:56:45.505227+00:00,sensor.baixa_temperatura,23.3
2026-09-23T06:59:24.012991+00:00,sensor.baixa_temperatura,23.6
2026-09-23T07:02:15.518209+00:00,sensor.baixa_temperatura,23.9
2026-09-23T07:05:16.019644+00:00,sensor.baixa_temperatura,24.2
2026-09-23T07:06:50.551920+00:00,sensor.baixa_temperatura,24.3
2026-09-23T07:08:38.490030+00:00,sensor.baixa_temperatura,24.5
2026-09-23T07:12:22.778066+00:00,sensor.baixa_temperatura,24.8
2026-09-23T07:16:40.498933+00:00,sensor.baixa_temperatura,25.1
2026-09-23T07:21:30.535634+00:00,sensor.baixa_temperatura,25.4
2026-09-23T07:26:53.789355+00:00,sensor.baixa_temperatura,25.7
2026-09-23T07:33:07.795967+00:00,sensor.baixa_temperatura,26.0
2026-09-23T07:36:52.540528+00:00,sensor.baixa_temperatura,26.1
2026-09-23T07:39:59.061312+00:00,sensor.baixa_temperatura,26.3
2026-09-23T07:49:42.056483+00:00,sensor.baixa_temperatura,26.6
2026-09-23T07:55:03.527553+00:00,sensor.baixa_temperatura,26.8
2026-09-23T07:58:21.542570+00:00,sensor.baixa_temperatura,26.5
2026-09-23T07:58:47.577774+00:00,sensor.baixa_temperatura,26.2
2026-09-23T07:59:07.535734+00:00,sensor.baixa_temperatura,25.9
2026-09-23T07:59:25.063411+00:00,sensor.baixa_temperatura,25.6
2026-09-23T07:59:40.527383+00:00,sensor.baixa_temperatura,25.3
2026-09-23T07:59:58.818409+00:00,sensor.baixa_temperatura,25.0
2026-09-23T08:00:11.633295+00:00,sensor.baixa_temperatura,24.7
2026-09-23T08:00:28.820780+00:00,sensor.baixa_temperatura,24.4
2026-09-23T08:00:44.537629+00:00,sensor.baixa_temperatura,24.1
2026-09-23T08:00:59.654068+00:00,sensor.baixa_temperatura,23.8
2026-09-23T08:01:15.782258+00:00,sensor.baixa_temperatura,23.5
2026-09-23T08:01:32.566411+00:00,sensor.baixa_temperatura,23.2
2026-09-23T08:01:50.536402+00:00,sensor.baixa_temperatura,22.9
2026-09-23T08:02:05.860615+00:00,sensor.baixa_temperatura,22.6
2026-09-23T08:02:21.573268+00:00,sensor.baixa_temperatura,22.3
2026-09-23T08:02:38.837866+00:00,sensor.baixa_temperatura,22.0
2026-09-23T08:02:56.531170+00:00,sensor.baixa_temperatura,21.7
2026-09-23T08:03:11.581167+00:00,sensor.baixa_temperatura,21.4
2026-09-23T08:03:29.534205+00:00,sensor.baixa_temperatura,21.1
2026-09-23T08:03:49.068835+00:00,sensor.baixa_temperatura,20.8
2026-09-23T08:04:06.573835+00:00,sensor.baixa_temperatura,20.5
2026-09-23T08:04:26.534250+00:00,sensor.baixa_temperatura,20.2
2026-09-23T08:04:48.532126+00:00,sensor.baixa_temperatura,19.9
2026-09-23T08:05:06.077079+00:00,sensor.baixa_temperatura,19.6
2026-09-23T08:05:30.534089+00:00,sensor.baixa_temperatura,19.3
2026-09-23T08:05:52.540038+00:00,sensor.baixa_temperatura,19.0
2026-09-23T08:06:16.538007+00:00,sensor.baixa_temperatura,18.7
2026-09-23T08:06:40.572731+00:00,sensor.baixa_temperatura,18.4
2026-09-23T08:06:52.584009+00:00,sensor.baixa_temperatura,18.3
2026-09-23T08:07:07.083349+00:00,sensor.baixa_temperatura,18.1
2026-09-23T08:07:33.547541+00:00,sensor.baixa_temperatura,17.8
2026-09-23T08:07:59.831752+00:00,sensor.baixa_temperatura,17.5
2026-09-23T08:08:30.581883+00:00,sensor.baixa_temperatura,17.2
2026-09-23T08:09:01.543021+00:00,sensor.baixa_temperatura,16.9
2026-09-23T08:09:32.543384+00:00,sensor.baixa_temperatura,16.6
2026-09-23T08:10:07.540277+00:00,sensor.baixa_temperatura,16.3
2026-09-23T08:10:47.080125+00:00,sensor.baixa_temperatura,16.0
2026-09-23T08:11:22.547896+00:00,sensor.baixa_temperatura,15.7
2026-09-23T08:12:04.086195+00:00,sensor.baixa_temperatura,15.4
2026-09-23T08:12:45.588408+00:00,sensor.baixa_temperatura,15.1
2026-09-23T08:13:29.590922+00:00,sensor.baixa_temperatura,14.8
2026-09-23T08:14:20.544250+00:00,sensor.baixa_temperatura,14.5
2026-09-23T08:15:10.831816+00:00,sensor.baixa_temperatura,14.2
2026-09-23T08:16:05.835705+00:00,sensor.baixa_temperatura,13.9
2026-09-23T08:17:07.553992+00:00,sensor.baixa_temperatura,13.6
2026-09-23T08:18:11.548240+00:00,sensor.baixa_temperatura,13.3
2026-09-23T08:19:17.556288+00:00,sensor.baixa_temperatura,13.0
2026-09-23T08:20:28.615378+00:00,sensor.baixa_temperatura,12.7
2026-09-23T08:21:49.089767+00:00,sensor.baixa_temperatura,12.4
2026-09-23T08:23:12.557297+00:00,sensor.baixa_temperatura,12.1
2026-09-23T08:24:47.095744+00:00,sensor.baixa_temperatura,11.8
2026-09-23T08:26:15.093312+00:00,sensor.baixa_temperatura,11.5
2026-09-23T08:27:54.104836+00:00,sensor.baixa_temperatura,11.2
2026-09-23T08:30:08.575897+00:00,sensor.baixa_temperatura,11.5
2026-09-23T08:30:34.593210+00:00,sensor.baixa_temperatura,11.8
2026-09-23T08:30:58.851275+00:00,sensor.baixa_temperatura,12.1
2026-09-23T08:31:29.605696+00:00,sensor.baixa_temperatura,12.4
2026-09-23T08:32:04.850615+00:00,sensor.baixa_temperatura,12.7
2026-09-23T08:32:41.140574+00:00,sensor.baixa_temperatura,13.0
2026-09-23T08:33:19.606093+00:00,sensor.baixa_temperatura,13.3
2026-09-23T08:34:05.851246+00:00,sensor.baixa_temperatura,13.6
2026-09-23T08:35:00.848055+00:00,sensor.baixa_temperatura,13.9
2026-09-23T08:36:06.849038+00:00,sensor.baixa_temperatura,14.2
2026-09-23T08:36:50.874279+00:00,sensor.baixa_temperatura,14.3
2026-09-23T08:37:32.880547+00:00,sensor.baixa_temperatura,14.5
2026-09-23T08:39:40.568372+00:00,sensor.baixa_temperatura,14.8
2026-09-23T08:51:50.636050+00:00,sensor.baixa_temperatura,14.7
2026-09-23T08:54:22.581143+00:00,sensor.baixa_temperatura,14.5
2026-09-23T08:58:46.576261+00:00,sensor.baixa_temperatura,14.2
2026-09-23T09:02:55.119377+00:00,sensor.baixa_temperatura,13.9
2026-09-23T09:06:50.603153+00:00,sensor.baixa_temperatura,13.7
2026-09-23T09:07:05.620586+00:00,sensor.baixa_temperatura,13.6
2026-09-23T09:11:31.873165+00:00,sensor.baixa_temperatura,13.3
2026-09-23T09:15:51.582931+00:00,sensor.baixa_temperatura,13.0
2026-09-23T09:20:15.596661+00:00,sensor.baixa_temperatura,12.7
2026-09-23T09:24:59.601992+00:00,sensor.baixa_temperatura,12.4
2026-09-23T09:29:47.603854+00:00,sensor.baixa_temperatura,12.1
2026-09-23T09:34:48.894153+00:00,sensor.baixa_temperatura,11.8
2026-09-23T09:40:05.657134+00:00,sensor.baixa_temperatura,11.5
2026-09-23T09:45:29.150711+00:00,sensor.baixa_temperatura,11.2
2026-09-23T09:51:07.911172+00:00,sensor.baixa_temperatura,11.5
2026-09-23T09:51:32.167267+00:00,sensor.baixa_temperatura,11.8
2026-09-23T09:51:51.941982+00:00,sensor.baixa_temperatura,12.0
2026-09-23T09:51:58.627302+00:00,sensor.baixa_temperatura,12.1
2026-09-23T09:52:22.930649+00:00,sensor.baixa_temperatura,12.4
2026-09-23T09:52:46.909396+00:00,sensor.baixa_temperatura,12.7
2026-09-23T09:53:09.808521+00:00,sensor.baixa_temperatura,13.0
2026-09-23T09:53:35.630085+00:00,sensor.baixa_temperatura,13.3
2026-09-23T09:53:57.624198+00:00,sensor.baixa_temperatura,13.6
2026-09-23T09:54:21.634526+00:00,sensor.baixa_temperatura,13.9
2026-09-23T09:54:45.668167+00:00,sensor.baixa_temperatura,14.2
2026-09-23T09:55:12.165033+00:00,sensor.baixa_temperatura,14.5
2026-09-23T09:55:38.627750+00:00,sensor.baixa_temperatura,14.8
2026-09-23T09:56:02.662267+00:00,sensor.baixa_temperatura,15.1
2026-09-23T09:56:31.625907+00:00,sensor.baixa_temperatura,15.4
2026-09-23T09:56:57.667104+00:00,sensor.baixa_temperatura,15.7
2026-09-23T09:57:26.640151+00:00,sensor.baixa_temperatura,16.0
2026-09-23T09:57:57.156624+00:00,sensor.baixa_temperatura,16.3
2026-09-23T09:58:27.915713+00:00,sensor.baixa_temperatura,16.6
2026-09-23T09:59:00.913712+00:00,sensor.baixa_temperatura,16.9
2026-09-23T09:59:34.632559+00:00,sensor.baixa_temperatura,17.2
2026-09-23T10:00:09.166689+00:00,sensor.baixa_temperatura,17.5
2026-09-23T10:00:46.627372+00:00,sensor.baixa_temperatura,17.8
2026-09-23T10:01:28.634902+00:00,sensor.baixa_temperatura,18.1
2026-09-23T10:02:05.678007+00:00,sensor.baixa_temperatura,18.4
2026-09-23T10:02:47.630197+00:00,sensor.baixa_temperatura,18.7
2026-09-23T10:03:35.926798+00:00,sensor.baixa_temperatura,19.0
2026-09-23T10:04:22.170440+00:00,sensor.baixa_temperatura,19.3
2026-09-23T10:05:10.636734+00:00,sensor.baixa_temperatura,19.6
2026-09-23T10:06:07.675135+00:00,sensor.baixa_temperatura,19.9
2026-09-23T10:06:51.708661+00:00,sensor.baixa_temperatura,20.1
2026-09-23T10:07:04.924031+00:00,sensor.baixa_temperatura,20.2
2026-09-23T10:08:04.636063+00:00,sensor.baixa_temperatura,20.5
2026-09-23T10:09:10.635631+00:00,sensor.baixa_temperatura,20.8
2026-09-23T10:10:20.674583+00:00,sensor.baixa_temperatura,21.1
2026-09-23T10:11:39.929399+00:00,sensor.baixa_temperatura,21.4
2026-09-23T10:13:12.638010+00:00,sensor.baixa_temperatura,21.7
2026-09-23T10:14:42.633687+00:00,sensor.baixa_temperatura,22.0
2026-09-23T10:16:17.180017+00:00,sensor.baixa_temperatura,22.3
2026-09-23T10:18:08.651190+00:00,sensor.baixa_temperatura,22.6
2026-09-23T10:20:01.648456+00:00,sensor.baixa_temperatura,22.9
2026-09-23T10:21:51.677915+00:00,sensor.baixa_temperatura,23.1
2026-09-23T10:21:57.945682+00:00,sensor.baixa_temperatura,23.2
2026-09-23T10:24:03.655377+00:00,sensor.baixa_temperatura,23.5
2026-09-23T10:25:13.700365+00:00,sensor.baixa_temperatura,23.8
2026-09-23T10:26:54.939580+00:00,sensor.baixa_temperatura,24.1
2026-09-23T10:28:18.656685+00:00,sensor.baixa_temperatura,24.4
2026-09-23T10:29:50.943185+00:00,sensor.baixa_temperatura,24.7
2026-09-23T10:31:49.708845+00:00,sensor.baixa_temperatura,25.0
2026-09-23T10:33:48.661366+00:00,sensor.baixa_temperatura,25.3
2026-09-23T10:35:47.671953+00:00,sensor.baixa_temperatura,25.6
2026-09-23T10:38:52.204132+00:00,sensor.baixa_temperatura,25.9
2026-09-23T10:41:48.208079+00:00,sensor.baixa_temperatura,26.2
2026-09-23T10:45:28.214367+00:00,sensor.baixa_temperatura,26.5
2026-09-23T10:51:51.002580+00:00,sensor.baixa_temperatura,26.7
2026-09-23T10:51:59.721258+00:00,sensor.baixa_temperatura,26.8
2026-09-23T11:06:50.760566+00:00,sensor.baixa_temperatura,27.0
2026-09-23T11:07:39.237438+00:00,sensor.baixa_temperatura,27.1
2026-09-23T11:21:50.738258+00:00,sensor.baixa_temperatura,27.2
2026-09-20T22:42:41.638165+00:00,sensor.baixa_humitat,unavailable
2026-09-20T22:42:42.051487+00:00,sensor.baixa_humitat,60.0
2026-09-20T23:06:57.440079+00:00,sensor.baixa_humitat,59.0
2026-09-20T23:21:57.410697+00:00,sensor.baixa_humitat,56.0
2026-09-20T23:36:56.960173+00:00,sensor.baixa_humitat,54.0
2026-09-20T23:51:56.734580+00:00,sensor.baixa_humitat,57.0
2026-09-21T00:14:44.780567+00:00,sensor.baixa_humitat,unavailable
2026-09-21T00:15:06.934883+00:00,sensor.baixa_humitat,57.0
2026-09-21T01:21:57.566848+00:00,sensor.baixa_humitat,58.0
2026-09-21T01:34:45.948365+00:00,sensor.baixa_humitat,unavailable
2026-09-21T01:34:53.780537+00:00,sensor.baixa_humitat,58.0
2026-09-21T03:06:55.927018+00:00,sensor.baixa_humitat,57.0
2026-09-21T04:21:56.744697+00:00,sensor.baixa_humitat,56.0
2026-09-21T06:36:56.873518+00:00,sensor.baixa_humitat,55.0
2026-09-21T07:36:55.941218+00:00,sensor.baixa_humitat,53.0
2026-09-21T07:47:05.421933+00:00,sensor.baixa_humitat,52.0
2026-09-21T07:51:55.919701+00:00,sensor.baixa_humitat,51.0
2026-09-21T08:06:55.467042+00:00,sensor.baixa_humitat,52.0
2026-09-21T08:39:37.930829+00:00,sensor.baixa_humitat,51.0
2026-09-21T08:51:54.971489+00:00,sensor.baixa_humitat,50.0
2026-09-21T09:36:56.061373+00:00,sensor.baixa_humitat,49.0
2026-09-21T09:51:56.033646+00:00,sensor.baixa_humitat,48.0
2026-09-21T10:04:43.557451+00:00,sensor.baixa_humitat,50.0
2026-09-21T10:06:55.581602+00:00,sensor.baixa_humitat,51.0
2026-09-21T10:07:15.319798+00:00,sensor.baixa_humitat,53.0
2026-09-21T10:08:12.561082+00:00,sensor.baixa_humitat,50.0
2026-09-21T10:08:45.572080+00:00,sensor.baixa_humitat,55.0
2026-09-21T10:10:33.326659+00:00,sensor.baixa_humitat,56.0
2026-09-21T10:16:47.326969+00:00,sensor.baixa_humitat,59.0
2026-09-21T10:31:51.593527+00:00,sensor.baixa_humitat,60.0
2026-09-21T10:50:21.974386+00:00,sensor.baixa_humitat,61.0
2026-09-21T11:06:57.119397+00:00,sensor.baixa_humitat,62.0
2026-09-21T11:21:56.414652+00:00,sensor.baixa_humitat,63.0
2026-09-21T11:51:56.168936+00:00,sensor.baixa_humitat,64.0
2026-09-21T12:21:55.489397+00:00,sensor.baixa_humitat,65.0
2026-09-21T12:51:55.222713+00:00,sensor.baixa_humitat,66.0
2026-09-21T13:06:54.770893+00:00,sensor.baixa_humitat,64.0
2026-09-21T13:12:58.297789+00:00,sensor.baixa_humitat,61.0
2026-09-21T13:15:58.219999+00:00,sensor.baixa_humitat,64.0
2026-09-21T13:21:54.539784+00:00,sensor.baixa_humitat,65.0
2026-09-21T13:36:56.564600+00:00,sensor.baixa_humitat,66.0
2026-09-21T13:58:25.794179+00:00,sensor.baixa_humitat,67.0
2026-09-21T14:36:55.629385+00:00,sensor.baixa_humitat,68.0
2026-09-21T15:06:55.367474+00:00,sensor.baixa_humitat,69.0
2026-09-21T15:51:54.451538+00:00,sensor.baixa_humitat,70.0
2026-09-21T16:45:26.440105+00:00,sensor.baixa_humitat,71.0
2026-09-21T17:21:55.500088+00:00,sensor.baixa_humitat,72.0
2026-09-21T18:10:19.524921+00:00,sensor.baixa_humitat,71.0
2026-09-21T20:21:54.690811+00:00,sensor.baixa_humitat,72.0
2026-09-21T21:06:53.714570+00:00,sensor.baixa_humitat,73.0
2026-09-22T00:21:54.880803+00:00,sensor.baixa_humitat,74.0
2026-09-22T00:21:56.915652+00:00,sensor.baixa_humitat,73.0
2026-09-22T00:36:54.429335+00:00,sensor.baixa_humitat,74.0
2026-09-22T10:45:30.415089+00:00,sensor.baixa_humitat,71.0
2026-09-22T10:46:23.399067+00:00,sensor.baixa_humitat,67.0
2026-09-22T10:46:32.366293+00:00,sensor.baixa_humitat,64.0
2026-09-22T10:46:40.928404+00:00,sensor.baixa_humitat,61.0
2026-09-22T10:46:51.910523+00:00,sensor.baixa_humitat,58.0
2026-09-22T10:47:13.919626+00:00,sensor.baixa_humitat,55.0
2026-09-22T10:47:35.921886+00:00,sensor.baixa_humitat,54.0
2026-09-22T10:47:55.997187+00:00,sensor.baixa_humitat,53.0
2026-09-22T10:48:28.664731+00:00,sensor.baixa_humitat,52.0
2026-09-22T10:48:46.377665+00:00,sensor.baixa_humitat,51.0
2026-09-22T10:49:36.909949+00:00,sensor.baixa_humitat,50.0
2026-09-22T10:50:12.380837+00:00,sensor.baixa_humitat,49.0
2026-09-22T10:50:45.378779+00:00,sensor.baixa_humitat,48.0
2026-09-22T10:51:20.385420+00:00,sensor.baixa_humitat,47.0
2026-09-22T10:51:53.408776+00:00,sensor.baixa_humitat,46.0
2026-09-22T10:53:14.427371+00:00,sensor.baixa_humitat,45.0
2026-09-22T10:54:18.392584+00:00,sensor.baixa_humitat,44.0
2026-09-22T10:55:03.323261+00:00,sensor.baixa_humitat,43.0
2026-09-22T10:55:26.427885+00:00,sensor.baixa_humitat,44.0
2026-09-22T10:55:50.684478+00:00,sensor.baixa_humitat,43.0
2026-09-22T10:57:07.676201+00:00,sensor.baixa_humitat,42.0
2026-09-22T11:00:10.395260+00:00,sensor.baixa_humitat,41.0
2026-09-22T11:01:20.935731+00:00,sensor.baixa_humitat,40.0
2026-09-22T11:02:35.429630+00:00,sensor.baixa_humitat,41.0
2026-09-22T11:03:21.678625+00:00,sensor.baixa_humitat,40.0
2026-09-22T11:05:38.402200+00:00,sensor.baixa_humitat,39.0
2026-09-22T11:06:26.443200+00:00,sensor.baixa_humitat,40.0
2026-09-22T11:06:52.963795+00:00,sensor.baixa_humitat,39.0
2026-09-22T11:14:30.458603+00:00,sensor.baixa_humitat,38.0
2026-09-22T11:21:52.723199+00:00,sensor.baixa_humitat,37.0
2026-09-22T11:44:36.750652+00:00,sensor.baixa_humitat,41.0
2026-09-22T11:44:41.839912+00:00,sensor.baixa_humitat,45.0
2026-09-22T11:44:47.728425+00:00,sensor.baixa_humitat,48.0
2026-09-22T11:44:58.722374+00:00,sensor.baixa_humitat,51.0
2026-09-22T11:45:16.441758+00:00,sensor.baixa_humitat,55.0
2026-09-22T11:45:49.432647+00:00,sensor.baixa_humitat,58.0
2026-09-22T11:46:59.731683+00:00,sensor.baixa_humitat,61.0
2026-09-22T11:51:52.474801+00:00,sensor.baixa_humitat,62.0
2026-09-22T12:06:52.017449+00:00,sensor.baixa_humitat,63.0
2026-09-22T12:30:22.484393+00:00,sensor.baixa_humitat,64.0
2026-09-22T13:03:39.558531+00:00,sensor.baixa_humitat,65.0
2026-09-22T13:51:54.636121+00:00,sensor.baixa_humitat,66.0
2026-09-22T14:44:57.929605+00:00,sensor.baixa_humitat,67.0
2026-09-22T16:33:16.022498+00:00,sensor.baixa_humitat,69.0
2026-09-22T16:33:57.765900+00:00,sensor.baixa_humitat,70.0
2026-09-22T16:42:19.266492+00:00,sensor.baixa_humitat,69.0
2026-09-22T16:51:51.303999+00:00,sensor.baixa_humitat,68.0
2026-09-22T17:06:53.332459+00:00,sensor.baixa_humitat,66.0
2026-09-22T19:36:53.228451+00:00,sensor.baixa_humitat,67.0
2026-09-22T21:06:52.108520+00:00,sensor.baixa_humitat,68.0
2026-09-22T23:06:52.152310+00:00,sensor.baixa_humitat,69.0
2026-09-22T23:51:51.226047+00:00,sensor.baixa_humitat,68.0
2026-09-23T00:21:53.217204+00:00,sensor.baixa_humitat,69.0
2026-09-23T06:06:51.495646+00:00,sensor.baixa_humitat,70.0
2026-09-23T06:07:24.457638+00:00,sensor.baixa_humitat,71.0
2026-09-23T06:08:01.963927+00:00,sensor.baixa_humitat,72.0
2026-09-23T06:09:01.435546+00:00,sensor.baixa_humitat,73.0
2026-09-23T06:10:13.969406+00:00,sensor.baixa_humitat,74.0
2026-09-23T06:13:03.491007+00:00,sensor.baixa_humitat,75.0
2026-09-23T06:14:44.471533+00:00,sensor.baixa_humitat,74.0
2026-09-23T06:19:34.970794+00:00,sensor.baixa_humitat,73.0
2026-09-23T06:23:16.980806+00:00,sensor.baixa_humitat,72.0
2026-09-23T06:28:40.453944+00:00,sensor.baixa_humitat,71.0
2026-09-23T06:38:32.469445+00:00,sensor.baixa_humitat,70.0
2026-09-23T07:36:52.545179+00:00,sensor.baixa_humitat,71.0
2026-09-23T07:53:19.822190+00:00,sensor.baixa_humitat,68.0
2026-09-23T07:53:35.536503+00:00,sensor.baixa_humitat,65.0
2026-09-23T07:55:03.530747+00:00,sensor.baixa_humitat,62.0
2026-09-23T07:58:21.548479+00:00,sensor.baixa_humitat,64.0
2026-09-23T07:59:58.824005+00:00,sensor.baixa_humitat,63.0
2026-09-23T08:08:30.592287+00:00,sensor.baixa_humitat,62.0
2026-09-23T08:15:10.838153+00:00,sensor.baixa_humitat,61.0
2026-09-23T08:20:28.621584+00:00,sensor.baixa_humitat,60.0
2026-09-23T08:26:15.099541+00:00,sensor.baixa_humitat,59.0
2026-09-23T08:30:08.582049+00:00,sensor.baixa_humitat,60.0
2026-09-23T08:32:41.149284+00:00,sensor.baixa_humitat,61.0
2026-09-23T08:35:00.858744+00:00,sensor.baixa_humitat,62.0
2026-09-23T08:39:40.573937+00:00,sensor.baixa_humitat,63.0
2026-09-23T08:51:50.641625+00:00,sensor.baixa_humitat,64.0
2026-09-23T08:58:46.586757+00:00,sensor.baixa_humitat,65.0
2026-09-23T09:15:51.589102+00:00,sensor.baixa_humitat,66.0
2026-09-23T09:51:07.916144+00:00,sensor.baixa_humitat,67.0
2026-09-23T09:51:51.947393+00:00,sensor.baixa_humitat,66.0
2026-09-23T09:54:21.640658+00:00,sensor.baixa_humitat,65.0
2026-09-23T09:56:31.632084+00:00,sensor.baixa_humitat,64.0
2026-09-23T09:59:34.638650+00:00,sensor.baixa_humitat,63.0
2026-09-23T10:03:35.932739+00:00,sensor.baixa_humitat,62.0
2026-09-23T10:28:18.662835+00:00,sensor.baixa_humitat,61.0
2026-09-23T10:29:50.948679+00:00,sensor.baixa_humitat,60.0
2026-09-23T10:33:48.667765+00:00,sensor.baixa_humitat,59.0
2026-09-23T10:38:52.210407+00:00,sensor.baixa_humitat,58.0
2026-09-23T10:41:48.212875+00:00,sensor.baixa_humitat,57.0
2026-09-23T10:45:28.220587+00:00,sensor.baixa_humitat,56.0
2026-09-23T11:06:50.766702+00:00,sensor.baixa_humitat,55.0
2026-09-20T22:42:41.645284+00:00,sensor.exterior_temperatura,unavailable
2026-09-20T22:42:42.051861+00:00,sensor.exterior_temperatura,27.1
2026-09-20T23:11:59.029209+00:00,sensor.exterior_temperatura,27.0
2026-09-20T23:42:00.410784+00:00,sensor.exterior_temperatura,26.9
2026-09-21T00:14:44.780619+00:00,sensor.exterior_temperatura,unavailable
2026-09-21T00:15:06.940697+00:00,sensor.exterior_temperatura,26.9
2026-09-21T01:34:45.949828+00:00,sensor.exterior_temperatura,unavailable
2026-09-21T01:34:53.782568+00:00,sensor.exterior_temperatura,26.9
2026-09-21T02:26:59.956112+00:00,sensor.exterior_temperatura,26.8
2026-09-21T03:55:07.534737+00:00,sensor.exterior_temperatura,26.7
2026-09-21T03:57:00.093795+00:00,sensor.exterior_temperatura,26.8
2026-09-21T04:41:58.134624+00:00,sensor.exterior_temperatura,26.7
2026-09-21T07:41:58.615290+00:00,sensor.exterior_temperatura,26.5
2026-09-21T07:44:33.464245+00:00,sensor.exterior_temperatura,26.4
2026-09-21T08:11:58.028832+00:00,sensor.exterior_temperatura,26.5
2026-09-21T08:26:58.708734+00:00,sensor.exterior_temperatura,26.6
2026-09-21T08:41:59.400694+00:00,sensor.exterior_temperatura,26.3
2026-09-21T08:51:34.451361+00:00,sensor.exterior_temperatura,26.1
2026-09-21T09:11:58.828643+00:00,sensor.exterior_temperatura,26.0
2026-09-21T09:21:07.734845+00:00,sensor.exterior_temperatura,25.8
2026-09-21T09:41:58.229290+00:00,sensor.exterior_temperatura,25.7
2026-09-21T09:56:58.916686+00:00,sensor.exterior_temperatura,25.6
2026-09-21T10:07:22.222330+00:00,sensor.exterior_temperatura,26.1
2026-09-21T10:08:48.704249+00:00,sensor.exterior_temperatura,26.3
2026-09-21T10:09:04.810674+00:00,sensor.exterior_temperatura,26.4
2026-09-21T10:10:43.347221+00:00,sensor.exterior_temperatura,26.7
2026-09-21T10:11:57.722300+00:00,sensor.exterior_temperatura,26.8
2026-09-21T10:15:06.763600+00:00,sensor.exterior_temperatura,27.0
2026-09-21T10:26:18.290225+00:00,sensor.exterior_temperatura,27.3
2026-09-21T10:41:59.175050+00:00,sensor.exterior_temperatura,27.5
2026-09-21T10:47:59.114163+00:00,sensor.exterior_temperatura,27.6
2026-09-21T11:11:58.541120+00:00,sensor.exterior_temperatura,27.8
2026-09-21T11:14:29.386836+00:00,sensor.exterior_temperatura,27.9
2026-09-21T11:26:57.258493+00:00,sensor.exterior_temperatura,28.0
2026-09-21T11:34:17.584913+00:00,sensor.exterior_temperatura,28.2
2026-09-21T11:41:57.959379+00:00,sensor.exterior_temperatura,28.3
2026-09-21T11:49:36.398859+00:00,sensor.exterior_temperatura,28.5
2026-09-21T12:11:57.353028+00:00,sensor.exterior_temperatura,28.7
2026-09-21T12:41:58.715142+00:00,sensor.exterior_temperatura,28.6
2026-09-21T13:13:24.698370+00:00,sensor.exterior_temperatura,28.7
2026-09-21T13:35:28.391501+00:00,sensor.exterior_temperatura,28.4
2026-09-21T13:56:57.086391+00:00,sensor.exterior_temperatura,28.5
2026-09-21T14:11:57.766098+00:00,sensor.exterior_temperatura,28.6
2026-09-21T14:13:46.380945+00:00,sensor.exterior_temperatura,28.7
2026-09-21T14:41:57.171540+00:00,sensor.exterior_temperatura,28.9
2026-09-21T14:54:25.111869+00:00,sensor.exterior_temperatura,29.0
2026-09-21T15:41:57.919986+00:00,sensor.exterior_temperatura,29.1
2026-09-21T16:26:57.964681+00:00,sensor.exterior_temperatura,29.0
2026-09-21T16:41:56.633574+00:00,sensor.exterior_temperatura,28.9
2026-09-21T16:51:05.533839+00:00,sensor.exterior_temperatura,28.8
2026-09-21T16:56:57.356952+00:00,sensor.exterior_temperatura,28.7
2026-09-21T17:11:58.035361+00:00,sensor.exterior_temperatura,28.6
2026-09-21T17:24:48.084576+00:00,sensor.exterior_temperatura,28.5
2026-09-21T17:26:56.740462+00:00,sensor.exterior_temperatura,28.6
2026-09-21T17:41:57.418831+00:00,sensor.exterior_temperatura,28.5
2026-09-21T17:56:58.098147+00:00,sensor.exterior_temperatura,28.6
2026-09-21T17:59:57.100790+00:00,sensor.exterior_temperatura,28.8
2026-09-21T18:04:54.663633+00:00,sensor.exterior_temperatura,29.1
2026-09-21T18:11:56.860294+00:00,sensor.exterior_temperatura,29.3
2026-09-21T18:12:45.152704+00:00,sensor.exterior_temperatura,29.4
2026-09-21T18:26:57.565529+00:00,sensor.exterior_temperatura,29.5
2026-09-21T18:41:58.238057+00:00,sensor.exterior_temperatura,29.4
2026-09-21T18:56:56.905268+00:00,sensor.exterior_temperatura,29.5
2026-09-21T19:11:57.599080+00:00,sensor.exterior_temperatura,29.4
2026-09-21T19:26:58.282854+00:00,sensor.exterior_temperatura,29.3
2026-09-21T19:41:56.948195+00:00,sensor.exterior_temperatura,29.2
2026-09-21T19:56:57.655167+00:00,sensor.exterior_temperatura,29.3
2026-09-21T20:11:56.314453+00:00,sensor.exterior_temperatura,29.2
2026-09-21T20:16:23.765097+00:00,sensor.exterior_temperatura,29.1
2026-09-21T20:41:57.726206+00:00,sensor.exterior_temperatura,29.0
2026-09-21T20:46:55.331018+00:00,sensor.exterior_temperatura,28.8
2026-09-21T21:10:38.771602+00:00,sensor.exterior_temperatura,28.5
2026-09-21T21:11:57.154580+00:00,sensor.exterior_temperatura,28.6
2026-09-21T21:26:57.849472+00:00,sensor.exterior_temperatura,28.4
2026-09-21T21:56:57.195833+00:00,sensor.exterior_temperatura,28.3
2026-09-21T22:02:55.282042+00:00,sensor.exterior_temperatura,28.2
2026-09-21T22:11:56.084892+00:00,sensor.exterior_temperatura,28.3
2026-09-21T22:26:57.254652+00:00,sensor.exterior_temperatura,28.2
2026-09-21T22:41:57.454083+00:00,sensor.exterior_temperatura,28.3
2026-09-21T23:41:56.178205+00:00,sensor.exterior_temperatura,28.2
2026-09-21T23:56:56.866124+00:00,sensor.exterior_temperatura,28.1
2026-09-22T00:11:57.546446+00:00,sensor.exterior_temperatura,28.0
2026-09-22T00:13:30.085693+00:00,sensor.exterior_temperatura,27.9
2026-09-22T01:26:57.000547+00:00,sensor.exterior_temperatura,27.8
2026-09-22T02:11:57.062980+00:00,sensor.exterior_temperatura,27.7
2026-09-22T02:17:50.958429+00:00,sensor.exterior_temperatura,27.6
2026-09-22T03:26:56.526011+00:00,sensor.exterior_temperatura,27.5
2026-09-22T04:26:57.267262+00:00,sensor.exterior_temperatura,27.4
2026-09-22T04:27:25.456609+00:00,sensor.exterior_temperatura,27.3
2026-09-22T04:41:55.981008+00:00,sensor.exterior_temperatura,27.4
2026-09-22T04:56:56.669216+00:00,sensor.exterior_temperatura,27.3
2026-09-22T05:41:56.760212+00:00,sensor.exterior_temperatura,27.2
2026-09-22T05:56:55.443194+00:00,sensor.exterior_temperatura,27.3
2026-09-22T06:11:56.129225+00:00,sensor.exterior_temperatura,27.4
2026-09-22T06:19:30.554457+00:00,sensor.exterior_temperatura,27.6
2026-09-22T06:26:56.853133+00:00,sensor.exterior_temperatura,27.7
2026-09-22T06:38:42.571056+00:00,sensor.exterior_temperatura,27.9
2026-09-22T06:56:56.251262+00:00,sensor.exterior_temperatura,28.1
2026-09-22T07:05:59.135597+00:00,sensor.exterior_temperatura,28.2
2026-09-22T09:41:55.822489+00:00,sensor.exterior_temperatura,28.3
2026-09-22T10:41:54.571167+00:00,sensor.exterior_temperatura,28.2
2026-09-22T10:46:18.040467+00:00,sensor.exterior_temperatura,28.3
2026-09-22T10:46:34.395624+00:00,sensor.exterior_temperatura,28.2
2026-09-22T10:46:42.269275+00:00,sensor.exterior_temperatura,28.1
2026-09-22T10:46:54.354242+00:00,sensor.exterior_temperatura,27.8
2026-09-22T10:47:08.470346+00:00,sensor.exterior_temperatura,27.5
2026-09-22T10:47:20.573855+00:00,sensor.exterior_temperatura,27.2
2026-09-22T10:47:34.671981+00:00,sensor.exterior_temperatura,26.9
2026-09-22T10:47:46.770983+00:00,sensor.exterior_temperatura,26.6
2026-09-22T10:47:58.866498+00:00,sensor.exterior_temperatura,26.3
2026-09-22T10:48:12.960644+00:00,sensor.exterior_temperatura,26.0
2026-09-22T10:48:27.083778+00:00,sensor.exterior_temperatura,25.7
2026-09-22T10:48:43.190078+00:00,sensor.exterior_temperatura,25.4
2026-09-22T10:48:57.311802+00:00,sensor.exterior_temperatura,25.1
2026-09-22T10:49:13.414199+00:00,sensor.exterior_temperatura,24.8
2026-09-22T10:49:31.550060+00:00,sensor.exterior_temperatura,24.5
2026-09-22T10:49:51.677367+00:00,sensor.exterior_temperatura,24.2
2026-09-22T10:50:09.803701+00:00,sensor.exterior_temperatura,23.9
2026-09-22T10:50:31.944723+00:00,sensor.exterior_temperatura,23.6
2026-09-22T10:50:54.086352+00:00,sensor.exterior_temperatura,23.3
2026-09-22T10:51:18.252361+00:00,sensor.exterior_temperatura,23.0
2026-09-22T10:51:41.403872+00:00,sensor.exterior_temperatura,22.7
2026-09-22T10:52:06.571781+00:00,sensor.exterior_temperatura,22.4
2026-09-22T10:52:34.758609+00:00,sensor.exterior_temperatura,22.1
2026-09-22T10:53:00.914746+00:00,sensor.exterior_temperatura,21.8
2026-09-22T10:53:27.092435+00:00,sensor.exterior_temperatura,21.5
2026-09-22T10:53:55.267006+00:00,sensor.exterior_temperatura,21.2
2026-09-22T10:54:25.470362+00:00,sensor.exterior_temperatura,20.9
2026-09-22T10:54:53.621885+00:00,sensor.exterior_temperatura,20.6
2026-09-22T10:55:21.825535+00:00,sensor.exterior_temperatura,20.3
2026-09-22T10:55:52.014502+00:00,sensor.exterior_temperatura,20.0
2026-09-22T10:56:24.202643+00:00,sensor.exterior_temperatura,19.7
2026-09-22T10:56:54.393422+00:00,sensor.exterior_temperatura,19.4
2026-09-22T10:57:26.562804+00:00,sensor.exterior_temperatura,19.1
2026-09-22T10:57:54.752242+00:00,sensor.exterior_temperatura,18.8
2026-09-22T10:58:30.967619+00:00,sensor.exterior_temperatura,18.5
2026-09-22T10:59:05.190778+00:00,sensor.exterior_temperatura,18.2
2026-09-22T10:59:37.390910+00:00,sensor.exterior_temperatura,17.9
2026-09-22T11:00:11.511943+00:00,sensor.exterior_temperatura,17.6
2026-09-22T11:00:47.738763+00:00,sensor.exterior_temperatura,17.3
2026-09-22T11:01:19.919570+00:00,sensor.exterior_temperatura,17.0
2026-09-22T11:01:58.153130+00:00,sensor.exterior_temperatura,16.7
2026-09-22T11:02:36.442942+00:00,sensor.exterior_temperatura,16.4
2026-09-22T11:03:16.613656+00:00,sensor.exterior_temperatura,16.1
2026-09-22T11:03:56.854651+00:00,sensor.exterior_temperatura,15.8
2026-09-22T11:04:41.119965+00:00,sensor.exterior_temperatura,15.5
2026-09-22T11:05:21.373980+00:00,sensor.exterior_temperatura,15.2
2026-09-22T11:06:03.616405+00:00,sensor.exterior_temperatura,14.9
2026-09-22T11:06:53.975596+00:00,sensor.exterior_temperatura,14.6
2026-09-22T11:07:42.199539+00:00,sensor.exterior_temperatura,14.3
2026-09-22T11:08:36.519182+00:00,sensor.exterior_temperatura,14.0
2026-09-22T11:09:30.833174+00:00,sensor.exterior_temperatura,13.7
2026-09-22T11:10:21.126369+00:00,sensor.exterior_temperatura,13.4
2026-09-22T11:11:25.494519+00:00,sensor.exterior_temperatura,13.1
2026-09-22T11:11:55.668634+00:00,sensor.exterior_temperatura,13.0
2026-09-22T11:12:23.829539+00:00,sensor.exterior_temperatura,12.8
2026-09-22T11:13:30.203293+00:00,sensor.exterior_temperatura,12.5
2026-09-22T11:14:36.589773+00:00,sensor.exterior_temperatura,12.2
2026-09-22T11:15:44.983975+00:00,sensor.exterior_temperatura,11.9
2026-09-22T11:16:59.410530+00:00,sensor.exterior_temperatura,11.6
2026-09-22T11:18:17.860812+00:00,sensor.exterior_temperatura,11.3
2026-09-22T11:19:40.311136+00:00,sensor.exterior_temperatura,11.0
2026-09-22T11:20:56.770807+00:00,sensor.exterior_temperatura,10.7
2026-09-22T11:22:31.283976+00:00,sensor.exterior_temperatura,10.4
2026-09-22T11:23:59.772423+00:00,sensor.exterior_temperatura,10.1
2026-09-22T11:25:42.340550+00:00,sensor.exterior_temperatura,9.8
2026-09-22T11:26:54.697955+00:00,sensor.exterior_temperatura,9.6
2026-09-22T11:27:26.908368+00:00,sensor.exterior_temperatura,9.5
2026-09-22T11:29:23.546444+00:00,sensor.exterior_temperatura,9.2
2026-09-22T11:31:06.127351+00:00,sensor.exterior_temperatura,8.9
2026-09-22T11:33:22.863028+00:00,sensor.exterior_temperatura,8.6
2026-09-22T11:35:45.648458+00:00,sensor.exterior_temperatura,8.3
2026-09-22T11:38:06.429535+00:00,sensor.exterior_temperatura,8.0
2026-09-22T11:40:53.322676+00:00,sensor.exterior_temperatura,7.7
2026-09-22T11:41:55.621800+00:00,sensor.exterior_temperatura,7.6
2026-09-22T11:43:44.243407+00:00,sensor.exterior_temperatura,7.4
2026-09-22T11:50:30.555900+00:00,sensor.exterior_temperatura,7.1
2026-09-22T11:54:19.780129+00:00,sensor.exterior_temperatura,6.8
2026-09-22T11:56:54.575472+00:00,sensor.exterior_temperatura,6.7
2026-09-22T11:58:37.154356+00:00,sensor.exterior_temperatura,6.5
2026-09-22T12:02:56.566477+00:00,sensor.exterior_temperatura,6.2
2026-09-22T12:07:46.123084+00:00,sensor.exterior_temperatura,5.9
2026-09-22T12:11:55.420307+00:00,sensor.exterior_temperatura,5.7
2026-09-22T12:13:13.864777+00:00,sensor.exterior_temperatura,5.6
2026-09-22T12:19:07.766217+00:00,sensor.exterior_temperatura,5.3
2026-09-22T12:26:18.046855+00:00,sensor.exterior_temperatura,5.0
2026-09-22T12:34:22.618717+00:00,sensor.exterior_temperatura,4.7
2026-09-22T12:41:54.993663+00:00,sensor.exterior_temperatura,4.5
2026-09-22T12:43:45.613871+00:00,sensor.exterior_temperatura,4.4
2026-09-22T12:55:21.528400+00:00,sensor.exterior_temperatura,4.1
2026-09-22T13:10:06.202734+00:00,sensor.exterior_temperatura,3.8
2026-09-22T13:26:55.477394+00:00,sensor.exterior_temperatura,3.6
2026-09-22T13:29:54.470157+00:00,sensor.exterior_temperatura,3.5
2026-09-22T13:41:56.255655+00:00,sensor.exterior_temperatura,3.4
2026-09-22T13:56:54.998211+00:00,sensor.exterior_temperatura,3.3
2026-09-22T13:58:33.546719+00:00,sensor.exterior_temperatura,3.2
2026-09-22T14:26:59.566397+00:00,sensor.exterior_temperatura,3.1
2026-09-22T14:56:56.000271+00:00,sensor.exterior_temperatura,3.3
2026-09-22T15:11:54.726415+00:00,sensor.exterior_temperatura,3.4
2026-09-22T15:13:15.198336+00:00,sensor.exterior_temperatura,3.5
2026-09-22T15:26:55.507654+00:00,sensor.exterior_temperatura,3.6
2026-09-22T15:41:56.236017+00:00,sensor.exterior_temperatura,3.5
2026-09-22T15:56:54.980878+00:00,sensor.exterior_temperatura,3.4
2026-09-22T16:09:26.997841+00:00,sensor.exterior_temperatura,3.2
2026-09-22T16:11:55.748674+00:00,sensor.exterior_temperatura,3.3
2026-09-22T16:26:54.481124+00:00,sensor.exterior_temperatura,3.1
2026-09-22T16:33:08.501068+00:00,sensor.exterior_temperatura,3.5
2026-09-22T16:33:59.304338+00:00,sensor.exterior_temperatura,3.8
2026-09-22T16:34:40.998434+00:00,sensor.exterior_temperatura,4.1
2026-09-22T16:35:27.288067+00:00,sensor.exterior_temperatura,4.4
2026-09-22T16:36:11.555305+00:00,sensor.exterior_temperatura,4.7
2026-09-22T16:37:05.836401+00:00,sensor.exterior_temperatura,5.0
2026-09-22T16:38:04.159661+00:00,sensor.exterior_temperatura,5.3
2026-09-22T16:39:06.521861+00:00,sensor.exterior_temperatura,5.6
2026-09-22T16:40:20.966292+00:00,sensor.exterior_temperatura,5.9
2026-09-22T16:41:47.439107+00:00,sensor.exterior_temperatura,6.2
2026-09-22T16:43:36.040354+00:00,sensor.exterior_temperatura,6.5
2026-09-22T16:46:18.890940+00:00,sensor.exterior_temperatura,6.8
2026-09-22T16:50:48.334680+00:00,sensor.exterior_temperatura,7.1
2026-09-22T17:09:44.319550+00:00,sensor.exterior_temperatura,6.8
2026-09-22T17:20:37.785093+00:00,sensor.exterior_temperatura,6.5
2026-09-22T17:26:55.717217+00:00,sensor.exterior_temperatura,6.4
2026-09-22T17:31:49.303469+00:00,sensor.exterior_temperatura,6.2
2026-09-22T17:41:54.451183+00:00,sensor.exterior_temperatura,6.0
2026-09-22T17:43:35.040109+00:00,sensor.exterior_temperatura,5.9
2026-09-22T17:56:55.244795+00:00,sensor.exterior_temperatura,5.7
2026-09-22T17:58:39.851723+00:00,sensor.exterior_temperatura,5.6
2026-09-22T18:11:56.025125+00:00,sensor.exterior_temperatura,5.4
2026-09-22T18:15:17.136210+00:00,sensor.exterior_temperatura,5.3
2026-09-22T18:26:54.735690+00:00,sensor.exterior_temperatura,5.2
2026-09-22T18:36:01.647127+00:00,sensor.exterior_temperatura,5.0
2026-09-22T18:56:54.195925+00:00,sensor.exterior_temperatura,4.8
2026-09-22T19:01:45.795385+00:00,sensor.exterior_temperatura,4.7
2026-09-22T19:26:55.724219+00:00,sensor.exterior_temperatura,4.6
2026-09-22T19:56:55.197385+00:00,sensor.exterior_temperatura,4.8
2026-09-22T20:04:13.559680+00:00,sensor.exterior_temperatura,5.0
2026-09-22T20:11:56.006489+00:00,sensor.exterior_temperatura,5.1
2026-09-22T20:21:17.001987+00:00,sensor.exterior_temperatura,5.3
2026-09-22T20:39:50.902145+00:00,sensor.exterior_temperatura,5.6
2026-09-22T20:56:54.262050+00:00,sensor.exterior_temperatura,5.8
2026-09-22T20:58:52.926303+00:00,sensor.exterior_temperatura,5.9
2026-09-22T21:11:55.027427+00:00,sensor.exterior_temperatura,6.0
2026-09-22T21:18:55.236887+00:00,sensor.exterior_temperatura,6.2
2026-09-22T21:40:13.941838+00:00,sensor.exterior_temperatura,6.5
2026-09-22T21:56:55.421199+00:00,sensor.exterior_temperatura,6.7
2026-09-22T22:04:01.714435+00:00,sensor.exterior_temperatura,6.8
2026-09-22T22:26:54.892141+00:00,sensor.exterior_temperatura,7.0
2026-09-22T22:28:57.580173+00:00,sensor.exterior_temperatura,7.1
2026-09-22T22:41:55.634519+00:00,sensor.exterior_temperatura,7.2
2026-09-22T22:55:09.853736+00:00,sensor.exterior_temperatura,7.4
2026-09-22T22:56:54.387543+00:00,sensor.exterior_temperatura,7.3
2026-09-22T23:11:55.110088+00:00,sensor.exterior_temperatura,7.5
2026-09-22T23:17:44.995653+00:00,sensor.exterior_temperatura,7.7
2026-09-22T23:26:55.852061+00:00,sensor.exterior_temperatura,7.8
2026-09-22T23:39:45.953395+00:00,sensor.exterior_temperatura,8.0
2026-09-22T23:41:54.609668+00:00,sensor.exterior_temperatura,7.9
2026-09-23T00:03:33.466106+00:00,sensor.exterior_temperatura,7.7
2026-09-23T00:11:54.085163+00:00,sensor.exterior_temperatura,7.6
2026-09-23T00:22:43.542437+00:00,sensor.exterior_temperatura,7.4
2026-09-23T00:40:51.267339+00:00,sensor.exterior_temperatura,7.1
2026-09-23T00:41:55.585355+00:00,sensor.exterior_temperatura,7.2
2026-09-23T00:56:54.286504+00:00,sensor.exterior_temperatura,6.9
2026-09-23T01:00:57.618203+00:00,sensor.exterior_temperatura,6.8
2026-09-23T01:11:55.047089+00:00,sensor.exterior_temperatura,6.7
2026-09-23T01:23:16.687712+00:00,sensor.exterior_temperatura,6.5
2026-09-23T01:41:54.521748+00:00,sensor.exterior_temperatura,6.3
2026-09-23T01:49:16.884598+00:00,sensor.exterior_temperatura,6.2
2026-09-23T02:11:53.998173+00:00,sensor.exterior_temperatura,6.0
2026-09-23T02:20:48.833888+00:00,sensor.exterior_temperatura,5.9
2026-09-23T02:41:55.467607+00:00,sensor.exterior_temperatura,5.8
2026-09-23T02:56:54.185713+00:00,sensor.exterior_temperatura,5.7
2026-09-23T03:00:05.250696+00:00,sensor.exterior_temperatura,5.6
2026-09-23T03:26:55.691713+00:00,sensor.exterior_temperatura,5.5
2026-09-23T03:53:34.145377+00:00,sensor.exterior_temperatura,5.3
2026-09-23T03:56:55.184105+00:00,sensor.exterior_temperatura,5.4
2026-09-23T04:11:53.910119+00:00,sensor.exterior_temperatura,5.3
2026-09-23T04:26:54.635816+00:00,sensor.exterior_temperatura,5.2
2026-09-23T04:56:54.098675+00:00,sensor.exterior_temperatura,5.1
2026-09-23T05:10:20.408429+00:00,sensor.exterior_temperatura,5.0
2026-09-23T05:11:54.845296+00:00,sensor.exterior_temperatura,5.1
2026-09-23T05:26:55.580304+00:00,sensor.exterior_temperatura,5.0
2026-09-23T05:56:55.047060+00:00,sensor.exterior_temperatura,4.9
2026-09-23T06:07:44.527887+00:00,sensor.exterior_temperatura,5.3
2026-09-23T06:08:22.755614+00:00,sensor.exterior_temperatura,5.6
2026-09-23T06:08:58.973560+00:00,sensor.exterior_temperatura,5.9
2026-09-23T06:09:31.167854+00:00,sensor.exterior_temperatura,6.2
2026-09-23T06:10:01.355635+00:00,sensor.exterior_temperatura,6.5
2026-09-23T06:10:31.543015+00:00,sensor.exterior_temperatura,6.8
2026-09-23T06:11:01.743396+00:00,sensor.exterior_temperatura,7.1
2026-09-23T06:11:31.928974+00:00,sensor.exterior_temperatura,7.4
2026-09-23T06:11:54.014635+00:00,sensor.exterior_temperatura,7.6
2026-09-23T06:12:02.101103+00:00,sensor.exterior_temperatura,7.7
2026-09-23T06:12:30.313093+00:00,sensor.exterior_temperatura,8.0
2026-09-23T06:13:00.484636+00:00,sensor.exterior_temperatura,8.3
2026-09-23T06:13:32.682072+00:00,sensor.exterior_temperatura,8.6
2026-09-23T06:13:58.862943+00:00,sensor.exterior_temperatura,8.9
2026-09-23T06:14:29.050104+00:00,sensor.exterior_temperatura,9.2
2026-09-23T06:14:59.240269+00:00,sensor.exterior_temperatura,9.5
2026-09-23T06:15:29.439447+00:00,sensor.exterior_temperatura,9.8
2026-09-23T06:15:59.616078+00:00,sensor.exterior_temperatura,10.1
2026-09-23T06:16:29.812383+00:00,sensor.exterior_temperatura,10.4
2026-09-23T06:17:04.005729+00:00,sensor.exterior_temperatura,10.7
2026-09-23T06:17:32.186594+00:00,sensor.exterior_temperatura,11.0
2026-09-23T06:18:04.373236+00:00,sensor.exterior_temperatura,11.3
2026-09-23T06:18:34.569057+00:00,sensor.exterior_temperatura,11.6
2026-09-23T06:19:12.797851+00:00,sensor.exterior_temperatura,11.9
2026-09-23T06:19:45.198367+00:00,sensor.exterior_temperatura,12.2
2026-09-23T06:20:19.199454+00:00,sensor.exterior_temperatura,12.5
2026-09-23T06:20:55.407100+00:00,sensor.exterior_temperatura,12.8
2026-09-23T06:21:29.625821+00:00,sensor.exterior_temperatura,13.1
2026-09-23T06:22:05.843026+00:00,sensor.exterior_temperatura,13.4
2026-09-23T06:22:42.079914+00:00,sensor.exterior_temperatura,13.7
2026-09-23T06:23:20.301891+00:00,sensor.exterior_temperatura,14.0
2026-09-23T06:24:00.542022+00:00,sensor.exterior_temperatura,14.3
2026-09-23T06:24:42.787868+00:00,sensor.exterior_temperatura,14.6
2026-09-23T06:25:21.029732+00:00,sensor.exterior_temperatura,14.9
2026-09-23T06:26:05.284973+00:00,sensor.exterior_temperatura,15.2
2026-09-23T06:26:45.515741+00:00,sensor.exterior_temperatura,15.5
2026-09-23T06:27:33.792213+00:00,sensor.exterior_temperatura,15.8
2026-09-23T06:28:18.063578+00:00,sensor.exterior_temperatura,16.1
2026-09-23T06:29:08.366410+00:00,sensor.exterior_temperatura,16.4
2026-09-23T06:29:56.653937+00:00,sensor.exterior_temperatura,16.7
2026-09-23T06:30:46.951240+00:00,sensor.exterior_temperatura,17.0
2026-09-23T06:31:41.276428+00:00,sensor.exterior_temperatura,17.3
2026-09-23T06:32:37.595157+00:00,sensor.exterior_temperatura,17.6
2026-09-23T06:33:33.921227+00:00,sensor.exterior_temperatura,17.9
2026-09-23T06:34:28.254786+00:00,sensor.exterior_temperatura,18.2
2026-09-23T06:35:26.567652+00:00,sensor.exterior_temperatura,18.5
2026-09-23T06:36:38.975919+00:00,sensor.exterior_temperatura,18.8
2026-09-23T06:37:35.299948+00:00,sensor.exterior_temperatura,19.1
2026-09-23T06:38:47.710335+00:00,sensor.exterior_temperatura,19.4
2026-09-23T06:40:04.143461+00:00,sensor.exterior_temperatura,19.7
2026-09-23T06:41:18.567246+00:00,sensor.exterior_temperatura,20.0
2026-09-23T06:41:54.708151+00:00,sensor.exterior_temperatura,20.1
2026-09-23T06:42:36.990075+00:00,sensor.exterior_temperatura,20.3
2026-09-23T06:43:59.444625+00:00,sensor.exterior_temperatura,20.6
2026-09-23T06:45:33.959510+00:00,sensor.exterior_temperatura,20.9
2026-09-23T06:46:56.441312+00:00,sensor.exterior_temperatura,21.2
2026-09-23T06:48:36.997661+00:00,sensor.exterior_temperatura,21.5
2026-09-23T06:50:19.546963+00:00,sensor.exterior_temperatura,21.8
2026-09-23T06:52:16.189211+00:00,sensor.exterior_temperatura,22.1
2026-09-23T06:54:12.830276+00:00,sensor.exterior_temperatura,22.4
2026-09-23T06:56:23.552636+00:00,sensor.exterior_temperatura,22.7
2026-09-23T06:58:44.300843+00:00,sensor.exterior_temperatura,23.0
2026-09-23T07:01:05.063781+00:00,sensor.exterior_temperatura,23.3
2026-09-23T07:03:47.941475+00:00,sensor.exterior_temperatura,23.6
2026-09-23T07:06:44.897464+00:00,sensor.exterior_temperatura,23.9
2026-09-23T07:09:41.849847+00:00,sensor.exterior_temperatura,24.2
2026-09-23T07:11:54.524767+00:00,sensor.exterior_temperatura,24.3
2026-09-23T07:13:14.995585+00:00,sensor.exterior_temperatura,24.5
2026-09-23T07:17:06.222392+00:00,sensor.exterior_temperatura,24.8
2026-09-23T07:21:31.659937+00:00,sensor.exterior_temperatura,25.1
2026-09-23T07:26:28.495713+00:00,sensor.exterior_temperatura,25.4
2026-09-23T07:32:05.016817+00:00,sensor.exterior_temperatura,25.7
2026-09-23T07:38:43.118510+00:00,sensor.exterior_temperatura,26.0
2026-09-23T07:41:54.092039+00:00,sensor.exterior_temperatura,26.1
2026-09-23T07:46:41.633199+00:00,sensor.exterior_temperatura,26.3
2026-09-23T07:53:15.738977+00:00,sensor.exterior_temperatura,26.5
2026-09-23T07:54:58.311632+00:00,sensor.exterior_temperatura,26.7
2026-09-23T07:56:28.815805+00:00,sensor.exterior_temperatura,27.0
2026-09-23T07:56:55.587901+00:00,sensor.exterior_temperatura,27.1
2026-09-23T07:57:01.057848+00:00,sensor.exterior_temperatura,27.2
2026-09-23T07:58:09.469496+00:00,sensor.exterior_temperatura,27.1
2026-09-23T07:58:25.583943+00:00,sensor.exterior_temperatura,26.8
2026-09-23T07:58:43.712754+00:00,sensor.exterior_temperatura,26.5
2026-09-23T07:58:59.826804+00:00,sensor.exterior_temperatura,26.2
2026-09-23T07:59:13.926536+00:00,sensor.exterior_temperatura,25.9
2026-09-23T07:59:26.076398+00:00,sensor.exterior_temperatura,25.6
2026-09-23T07:59:42.138022+00:00,sensor.exterior_temperatura,25.3
2026-09-23T07:59:54.221480+00:00,sensor.exterior_temperatura,25.0
2026-09-23T08:00:10.629778+00:00,sensor.exterior_temperatura,24.7
2026-09-23T08:00:24.427485+00:00,sensor.exterior_temperatura,24.4
2026-09-23T08:00:40.533951+00:00,sensor.exterior_temperatura,24.1
2026-09-23T08:00:58.651510+00:00,sensor.exterior_temperatura,23.8
2026-09-23T08:01:14.780099+00:00,sensor.exterior_temperatura,23.5
2026-09-23T08:01:33.593049+00:00,sensor.exterior_temperatura,23.2
2026-09-23T08:01:51.562108+00:00,sensor.exterior_temperatura,22.9
2026-09-23T08:02:11.086277+00:00,sensor.exterior_temperatura,22.6
2026-09-23T08:02:31.219277+00:00,sensor.exterior_temperatura,22.3
2026-09-23T08:02:53.376442+00:00,sensor.exterior_temperatura,22.0
2026-09-23T08:03:13.611505+00:00,sensor.exterior_temperatura,21.7
2026-09-23T08:03:39.694023+00:00,sensor.exterior_temperatura,21.4
2026-09-23T08:04:01.846736+00:00,sensor.exterior_temperatura,21.1
2026-09-23T08:04:28.009794+00:00,sensor.exterior_temperatura,20.8
2026-09-23T08:04:56.207419+00:00,sensor.exterior_temperatura,20.5
2026-09-23T08:05:22.356708+00:00,sensor.exterior_temperatura,20.2
2026-09-23T08:05:53.550788+00:00,sensor.exterior_temperatura,19.9
2026-09-23T08:06:20.699678+00:00,sensor.exterior_temperatura,19.6
2026-09-23T08:06:52.587474+00:00,sensor.exterior_temperatura,19.3
2026-09-23T08:07:21.600727+00:00,sensor.exterior_temperatura,19.0
2026-09-23T08:07:53.293647+00:00,sensor.exterior_temperatura,18.7
2026-09-23T08:08:27.503684+00:00,sensor.exterior_temperatura,18.4
2026-09-23T08:09:02.554831+00:00,sensor.exterior_temperatura,18.1
2026-09-23T08:09:34.572772+00:00,sensor.exterior_temperatura,17.8
2026-09-23T08:10:10.113811+00:00,sensor.exterior_temperatura,17.5
2026-09-23T08:10:51.171894+00:00,sensor.exterior_temperatura,17.2
2026-09-23T08:11:28.632033+00:00,sensor.exterior_temperatura,16.9
2026-09-23T08:11:54.693832+00:00,sensor.exterior_temperatura,16.7
2026-09-23T08:12:05.096106+00:00,sensor.exterior_temperatura,16.6
2026-09-23T08:12:40.995077+00:00,sensor.exterior_temperatura,16.3
2026-09-23T08:13:25.256732+00:00,sensor.exterior_temperatura,16.0
2026-09-23T08:14:05.514906+00:00,sensor.exterior_temperatura,15.7
2026-09-23T08:14:47.756164+00:00,sensor.exterior_temperatura,15.4
2026-09-23T08:15:32.001218+00:00,sensor.exterior_temperatura,15.1
2026-09-23T08:16:18.288229+00:00,sensor.exterior_temperatura,14.8
2026-09-23T08:17:04.549148+00:00,sensor.exterior_temperatura,14.5
2026-09-23T08:17:50.834833+00:00,sensor.exterior_temperatura,14.2
2026-09-23T08:18:43.131162+00:00,sensor.exterior_temperatura,13.9
2026-09-23T08:19:35.427533+00:00,sensor.exterior_temperatura,13.6
2026-09-23T08:20:35.776780+00:00,sensor.exterior_temperatura,13.3
2026-09-23T08:21:34.582190+00:00,sensor.exterior_temperatura,13.0
2026-09-23T08:22:30.432382+00:00,sensor.exterior_temperatura,12.7
2026-09-23T08:23:32.789132+00:00,sensor.exterior_temperatura,12.4
2026-09-23T08:24:43.206718+00:00,sensor.exterior_temperatura,12.1
2026-09-23T08:25:49.585612+00:00,sensor.exterior_temperatura,11.8
2026-09-23T08:26:53.868561+00:00,sensor.exterior_temperatura,11.6
2026-09-23T08:27:04.573436+00:00,sensor.exterior_temperatura,11.5
2026-09-23T08:28:22.410011+00:00,sensor.exterior_temperatura,11.2
2026-09-23T08:29:46.874898+00:00,sensor.exterior_temperatura,11.0
2026-09-23T08:30:48.116564+00:00,sensor.exterior_temperatura,11.1
2026-09-23T08:32:17.722958+00:00,sensor.exterior_temperatura,11.4
2026-09-23T08:33:48.250728+00:00,sensor.exterior_temperatura,11.7
2026-09-23T08:35:10.710872+00:00,sensor.exterior_temperatura,12.0
2026-09-23T08:36:57.288446+00:00,sensor.exterior_temperatura,12.3
2026-09-23T08:39:14.043857+00:00,sensor.exterior_temperatura,12.6
2026-09-23T08:41:54.844741+00:00,sensor.exterior_temperatura,12.8
2026-09-23T08:42:35.123415+00:00,sensor.exterior_temperatura,12.9
2026-09-23T08:56:53.558926+00:00,sensor.exterior_temperatura,12.7
2026-09-23T08:57:33.824019+00:00,sensor.exterior_temperatura,12.6
2026-09-23T09:02:31.390690+00:00,sensor.exterior_temperatura,12.3
2026-09-23T09:07:16.891346+00:00,sensor.exterior_temperatura,12.0
2026-09-23T09:11:36.285710+00:00,sensor.exterior_temperatura,11.7
2026-09-23T09:11:54.362771+00:00,sensor.exterior_temperatura,11.8
2026-09-23T09:15:57.689782+00:00,sensor.exterior_temperatura,11.4
2026-09-23T09:20:25.127150+00:00,sensor.exterior_temperatura,11.1
2026-09-23T09:25:08.674930+00:00,sensor.exterior_temperatura,10.8
2026-09-23T09:26:55.172606+00:00,sensor.exterior_temperatura,10.7
2026-09-23T09:29:40.098014+00:00,sensor.exterior_temperatura,10.5
2026-09-23T09:34:33.836713+00:00,sensor.exterior_temperatura,10.2
2026-09-23T09:39:39.282795+00:00,sensor.exterior_temperatura,9.9
2026-09-23T09:41:53.975237+00:00,sensor.exterior_temperatura,9.8
2026-09-23T09:45:03.022815+00:00,sensor.exterior_temperatura,9.6
2026-09-23T09:52:31.399122+00:00,sensor.exterior_temperatura,9.9
2026-09-23T09:53:17.663570+00:00,sensor.exterior_temperatura,10.2
2026-09-23T09:53:59.920673+00:00,sensor.exterior_temperatura,10.5
2026-09-23T09:54:38.142421+00:00,sensor.exterior_temperatura,10.8
2026-09-23T09:55:13.183133+00:00,sensor.exterior_temperatura,11.1
2026-09-23T09:55:50.589955+00:00,sensor.exterior_temperatura,11.4
2026-09-23T09:56:24.812565+00:00,sensor.exterior_temperatura,11.7
2026-09-23T09:56:54.927918+00:00,sensor.exterior_temperatura,11.9
2026-09-23T09:57:01.008352+00:00,sensor.exterior_temperatura,12.0
2026-09-23T09:57:33.210160+00:00,sensor.exterior_temperatura,12.3
2026-09-23T09:58:09.429151+00:00,sensor.exterior_temperatura,12.6
2026-09-23T09:58:41.643774+00:00,sensor.exterior_temperatura,12.9
2026-09-23T09:59:15.829436+00:00,sensor.exterior_temperatura,13.2
2026-09-23T09:59:48.041378+00:00,sensor.exterior_temperatura,13.5
2026-09-23T10:00:24.364873+00:00,sensor.exterior_temperatura,13.8
2026-09-23T10:01:02.493763+00:00,sensor.exterior_temperatura,14.1
2026-09-23T10:01:36.705301+00:00,sensor.exterior_temperatura,14.4
2026-09-23T10:02:12.927371+00:00,sensor.exterior_temperatura,14.7
2026-09-23T10:02:51.147709+00:00,sensor.exterior_temperatura,15.0
2026-09-23T10:03:31.728629+00:00,sensor.exterior_temperatura,15.3
2026-09-23T10:04:09.637016+00:00,sensor.exterior_temperatura,15.6
2026-09-23T10:04:49.847399+00:00,sensor.exterior_temperatura,15.9
2026-09-23T10:05:28.087456+00:00,sensor.exterior_temperatura,16.2
2026-09-23T10:06:08.741688+00:00,sensor.exterior_temperatura,16.5
2026-09-23T10:06:54.928141+00:00,sensor.exterior_temperatura,16.8
2026-09-23T10:07:36.862672+00:00,sensor.exterior_temperatura,17.1
2026-09-23T10:08:23.118725+00:00,sensor.exterior_temperatura,17.4
2026-09-23T10:09:11.648016+00:00,sensor.exterior_temperatura,17.7
2026-09-23T10:09:59.668204+00:00,sensor.exterior_temperatura,18.0
2026-09-23T10:10:45.940072+00:00,sensor.exterior_temperatura,18.3
2026-09-23T10:11:40.957139+00:00,sensor.exterior_temperatura,18.6
2026-09-23T10:12:34.572851+00:00,sensor.exterior_temperatura,18.9
2026-09-23T10:13:30.890086+00:00,sensor.exterior_temperatura,19.2
2026-09-23T10:14:27.214309+00:00,sensor.exterior_temperatura,19.5
2026-09-23T10:15:27.560216+00:00,sensor.exterior_temperatura,19.8
2026-09-23T10:16:29.929588+00:00,sensor.exterior_temperatura,20.1
2026-09-23T10:17:36.307098+00:00,sensor.exterior_temperatura,20.4
2026-09-23T10:18:44.905393+00:00,sensor.exterior_temperatura,20.7
2026-09-23T10:19:59.099522+00:00,sensor.exterior_temperatura,21.0
2026-09-23T10:21:09.501656+00:00,sensor.exterior_temperatura,21.3
2026-09-23T10:22:33.978934+00:00,sensor.exterior_temperatura,21.6
2026-09-23T10:23:54.426471+00:00,sensor.exterior_temperatura,21.9
2026-09-23T10:24:14.570293+00:00,sensor.exterior_temperatura,22.0
2026-09-23T10:24:20.641947+00:00,sensor.exterior_temperatura,22.2
2026-09-23T10:24:34.739923+00:00,sensor.exterior_temperatura,22.5
2026-09-23T10:24:54.862582+00:00,sensor.exterior_temperatura,22.8
2026-09-23T10:25:23.065846+00:00,sensor.exterior_temperatura,23.1
2026-09-23T10:25:51.226679+00:00,sensor.exterior_temperatura,23.4
2026-09-23T10:26:27.992962+00:00,sensor.exterior_temperatura,23.7
2026-09-23T10:26:53.574692+00:00,sensor.exterior_temperatura,23.9
2026-09-23T10:27:01.646071+00:00,sensor.exterior_temperatura,24.0
2026-09-23T10:27:39.898067+00:00,sensor.exterior_temperatura,24.3
2026-09-23T10:28:30.177304+00:00,sensor.exterior_temperatura,24.6
2026-09-23T10:29:22.480246+00:00,sensor.exterior_temperatura,24.9
2026-09-23T10:30:20.804206+00:00,sensor.exterior_temperatura,25.2
2026-09-23T10:31:41.264649+00:00,sensor.exterior_temperatura,25.5
2026-09-23T10:33:15.784757+00:00,sensor.exterior_temperatura,25.8
2026-09-23T10:35:16.436098+00:00,sensor.exterior_temperatura,26.1
2026-09-23T10:38:09.370634+00:00,sensor.exterior_temperatura,26.4
2026-09-23T10:41:32.461615+00:00,sensor.exterior_temperatura,26.7
2026-09-23T10:47:16.274979+00:00,sensor.exterior_temperatura,27.0
2026-09-23T10:56:53.262238+00:00,sensor.exterior_temperatura,27.2
2026-09-23T11:04:45.771759+00:00,sensor.exterior_temperatura,27.3
2026-09-23T11:26:54.690823+00:00,sensor.exterior_temperatura,27.4
2026-09-20T22:42:41.648871+00:00,sensor.exterior_humitat,unavailable
2026-09-20T22:42:42.051996+00:00,sensor.exterior_humitat,59.0
2026-09-20T23:11:59.019737+00:00,sensor.exterior_humitat,57.0
2026-09-20T23:22:40.418861+00:00,sensor.exterior_humitat,55.0
2026-09-20T23:56:59.094878+00:00,sensor.exterior_humitat,56.0
2026-09-21T00:14:44.781306+00:00,sensor.exterior_humitat,unavailable
2026-09-21T00:15:06.942601+00:00,sensor.exterior_humitat,56.0
2026-09-21T01:34:45.952021+00:00,sensor.exterior_humitat,unavailable
2026-09-21T01:34:53.782808+00:00,sensor.exterior_humitat,56.0
2026-09-21T01:41:59.879893+00:00,sensor.exterior_humitat,57.0
2026-09-21T02:41:58.627406+00:00,sensor.exterior_humitat,56.0
2026-09-21T03:57:00.087835+00:00,sensor.exterior_humitat,55.0
2026-09-21T05:26:58.405544+00:00,sensor.exterior_humitat,54.0
2026-09-21T05:56:59.805162+00:00,sensor.exterior_humitat,55.0
2026-09-21T06:11:58.461800+00:00,sensor.exterior_humitat,54.0
2026-09-21T07:26:57.885716+00:00,sensor.exterior_humitat,53.0
2026-09-21T07:41:58.609476+00:00,sensor.exterior_humitat,51.0
2026-09-21T07:56:59.331270+00:00,sensor.exterior_humitat,50.0
2026-09-21T08:11:58.022780+00:00,sensor.exterior_humitat,51.0
2026-09-21T08:41:59.394690+00:00,sensor.exterior_humitat,50.0
2026-09-21T08:51:34.445537+00:00,sensor.exterior_humitat,49.0
2026-09-21T09:11:58.822530+00:00,sensor.exterior_humitat,50.0
2026-09-21T09:21:07.726789+00:00,sensor.exterior_humitat,49.0
2026-09-21T09:26:57.536372+00:00,sensor.exterior_humitat,48.0
2026-09-21T10:07:22.216701+00:00,sensor.exterior_humitat,50.0
2026-09-21T10:08:48.698436+00:00,sensor.exterior_humitat,54.0
2026-09-21T10:09:04.804759+00:00,sensor.exterior_humitat,51.0
2026-09-21T10:15:06.759105+00:00,sensor.exterior_humitat,52.0
2026-09-21T10:26:18.285377+00:00,sensor.exterior_humitat,54.0
2026-09-21T10:41:59.172805+00:00,sensor.exterior_humitat,55.0
2026-09-21T10:47:59.111979+00:00,sensor.exterior_humitat,56.0
2026-09-21T11:11:58.539088+00:00,sensor.exterior_humitat,57.0
2026-09-21T11:26:57.253713+00:00,sensor.exterior_humitat,58.0
2026-09-21T11:56:58.682010+00:00,sensor.exterior_humitat,59.0
2026-09-21T12:26:58.030165+00:00,sensor.exterior_humitat,60.0
2026-09-21T12:56:57.390282+00:00,sensor.exterior_humitat,61.0
2026-09-21T13:12:57.282246+00:00,sensor.exterior_humitat,57.0
2026-09-21T13:13:04.554969+00:00,sensor.exterior_humitat,53.0
2026-09-21T13:13:24.694008+00:00,sensor.exterior_humitat,56.0
2026-09-21T13:14:25.715670+00:00,sensor.exterior_humitat,59.0
2026-09-21T13:21:50.144112+00:00,sensor.exterior_humitat,62.0
2026-09-21T13:26:58.974832+00:00,sensor.exterior_humitat,63.0
2026-09-21T13:35:28.386792+00:00,sensor.exterior_humitat,64.0
2026-09-21T13:56:57.081535+00:00,sensor.exterior_humitat,65.0
2026-09-21T14:41:57.166597+00:00,sensor.exterior_humitat,66.0
2026-09-21T14:56:57.880783+00:00,sensor.exterior_humitat,67.0
2026-09-21T15:26:57.237183+00:00,sensor.exterior_humitat,68.0
2026-09-21T16:11:57.270919+00:00,sensor.exterior_humitat,69.0
2026-09-21T16:56:57.351951+00:00,sensor.exterior_humitat,70.0
2026-09-21T17:59:57.096003+00:00,sensor.exterior_humitat,71.0
2026-09-21T18:11:56.856027+00:00,sensor.exterior_humitat,70.0
2026-09-21T19:56:57.650393+00:00,sensor.exterior_humitat,71.0
2026-09-21T21:26:57.844654+00:00,sensor.exterior_humitat,72.0
2026-09-22T03:11:55.837171+00:00,sensor.exterior_humitat,73.0
2026-09-22T07:26:55.647158+00:00,sensor.exterior_humitat,72.0
2026-09-22T08:26:56.389437+00:00,sensor.exterior_humitat,73.0
2026-09-22T10:45:21.690224+00:00,sensor.exterior_humitat,70.0
2026-09-22T10:46:18.032220+00:00,sensor.exterior_humitat,66.0
2026-09-22T10:46:22.247863+00:00,sensor.exterior_humitat,63.0
2026-09-22T10:46:28.299824+00:00,sensor.exterior_humitat,59.0
2026-09-22T10:46:34.389293+00:00,sensor.exterior_humitat,56.0
2026-09-22T10:46:42.262650+00:00,sensor.exterior_humitat,53.0
2026-09-22T10:46:54.348667+00:00,sensor.exterior_humitat,50.0
2026-09-22T10:47:20.566015+00:00,sensor.exterior_humitat,49.0
2026-09-22T10:47:58.858276+00:00,sensor.exterior_humitat,48.0
2026-09-22T10:48:27.075247+00:00,sensor.exterior_humitat,47.0
2026-09-22T10:48:57.303756+00:00,sensor.exterior_humitat,46.0
2026-09-22T10:49:31.532656+00:00,sensor.exterior_humitat,45.0
2026-09-22T10:49:51.670254+00:00,sensor.exterior_humitat,44.0
2026-09-22T10:50:09.796053+00:00,sensor.exterior_humitat,43.0
2026-09-22T10:50:31.936584+00:00,sensor.exterior_humitat,42.0
2026-09-22T10:51:41.397034+00:00,sensor.exterior_humitat,40.0
2026-09-22T10:52:06.563713+00:00,sensor.exterior_humitat,41.0
2026-09-22T10:52:34.750367+00:00,sensor.exterior_humitat,40.0
2026-09-22T10:53:27.084373+00:00,sensor.exterior_humitat,39.0
2026-09-22T10:55:21.818159+00:00,sensor.exterior_humitat,38.0
2026-09-22T10:56:24.194494+00:00,sensor.exterior_humitat,39.0
2026-09-22T10:56:54.385146+00:00,sensor.exterior_humitat,38.0
2026-09-22T10:59:05.182673+00:00,sensor.exterior_humitat,37.0
2026-09-22T10:59:37.382828+00:00,sensor.exterior_humitat,38.0
2026-09-22T11:00:11.503706+00:00,sensor.exterior_humitat,39.0
2026-09-22T11:00:47.730629+00:00,sensor.exterior_humitat,38.0
2026-09-22T11:02:36.434800+00:00,sensor.exterior_humitat,40.0
2026-09-22T11:03:16.607236+00:00,sensor.exterior_humitat,39.0
2026-09-22T11:06:53.966252+00:00,sensor.exterior_humitat,40.0
2026-09-22T11:11:55.663616+00:00,sensor.exterior_humitat,41.0
2026-09-22T11:14:36.581647+00:00,sensor.exterior_humitat,42.0
2026-09-22T11:15:44.975775+00:00,sensor.exterior_humitat,41.0
2026-09-22T11:16:59.402983+00:00,sensor.exterior_humitat,42.0
2026-09-22T11:18:17.852603+00:00,sensor.exterior_humitat,41.0
2026-09-22T11:20:56.754178+00:00,sensor.exterior_humitat,40.0
2026-09-22T11:22:31.276515+00:00,sensor.exterior_humitat,41.0
2026-09-22T11:33:22.854883+00:00,sensor.exterior_humitat,40.0
2026-09-22T11:35:45.641989+00:00,sensor.exterior_humitat,41.0
2026-09-22T11:38:06.421259+00:00,sensor.exterior_humitat,40.0
2026-09-22T11:40:53.314690+00:00,sensor.exterior_humitat,41.0
2026-09-22T11:44:36.736720+00:00,sensor.exterior_humitat,47.0
2026-09-22T11:44:40.839162+00:00,sensor.exterior_humitat,51.0
2026-09-22T11:44:48.740690+00:00,sensor.exterior_humitat,54.0
2026-09-22T11:45:17.451312+00:00,sensor.exterior_humitat,57.0
2026-09-22T11:46:33.269554+00:00,sensor.exterior_humitat,60.0
2026-09-22T12:02:56.559083+00:00,sensor.exterior_humitat,61.0
2026-09-22T12:11:55.412769+00:00,sensor.exterior_humitat,62.0
2026-09-22T12:26:18.038687+00:00,sensor.exterior_humitat,63.0
2026-09-22T12:41:54.985524+00:00,sensor.exterior_humitat,64.0
2026-09-22T13:10:06.183735+00:00,sensor.exterior_humitat,65.0
2026-09-22T13:56:54.988753+00:00,sensor.exterior_humitat,66.0
2026-09-22T14:41:55.299465+00:00,sensor.exterior_humitat,67.0
2026-09-22T16:09:26.989691+00:00,sensor.exterior_humitat,68.0
2026-09-22T16:33:08.492957+00:00,sensor.exterior_humitat,70.0
2026-09-22T16:33:59.296173+00:00,sensor.exterior_humitat,71.0
2026-09-22T16:41:47.431033+00:00,sensor.exterior_humitat,70.0
2026-09-22T16:46:18.882743+00:00,sensor.exterior_humitat,69.0
2026-09-22T16:50:48.326518+00:00,sensor.exterior_humitat,68.0
2026-09-22T16:56:56.240293+00:00,sensor.exterior_humitat,67.0
2026-09-22T17:09:44.311482+00:00,sensor.exterior_humitat,66.0
2026-09-22T19:41:54.465301+00:00,sensor.exterior_humitat,67.0
2026-09-22T21:40:13.935106+00:00,sensor.exterior_humitat,68.0
2026-09-23T02:11:53.990474+00:00,sensor.exterior_humitat,69.0
2026-09-23T06:07:44.519688+00:00,sensor.exterior_humitat,71.0
2026-09-23T06:08:22.747808+00:00,sensor.exterior_humitat,72.0
2026-09-23T06:08:58.965279+00:00,sensor.exterior_humitat,73.0
2026-09-23T06:09:31.159890+00:00,sensor.exterior_humitat,74.0
2026-09-23T06:10:31.537018+00:00,sensor.exterior_humitat,75.0
2026-09-23T06:11:31.922983+00:00,sensor.exterior_humitat,76.0
2026-09-23T06:12:30.296773+00:00,sensor.exterior_humitat,77.0
2026-09-23T06:15:29.431253+00:00,sensor.exterior_humitat,78.0
2026-09-23T06:17:32.178404+00:00,sensor.exterior_humitat,77.0
2026-09-23T06:22:05.837418+00:00,sensor.exterior_humitat,76.0
2026-09-23T06:26:05.278088+00:00,sensor.exterior_humitat,75.0
2026-09-23T06:29:56.647100+00:00,sensor.exterior_humitat,74.0
2026-09-23T06:34:28.246751+00:00,sensor.exterior_humitat,73.0
2026-09-23T06:40:04.135336+00:00,sensor.exterior_humitat,72.0
2026-09-23T06:48:36.989554+00:00,sensor.exterior_humitat,71.0
2026-09-23T07:21:31.652143+00:00,sensor.exterior_humitat,70.0
2026-09-23T07:26:28.488074+00:00,sensor.exterior_humitat,71.0
2026-09-23T07:53:15.730768+00:00,sensor.exterior_humitat,67.0
2026-09-23T07:53:31.858916+00:00,sensor.exterior_humitat,64.0
2026-09-23T07:54:58.304181+00:00,sensor.exterior_humitat,61.0
2026-09-23T07:56:28.807606+00:00,sensor.exterior_humitat,60.0
2026-09-23T07:56:48.528552+00:00,sensor.exterior_humitat,64.0
2026-09-23T07:56:49.539290+00:00,sensor.exterior_humitat,68.0
2026-09-23T07:57:01.050135+00:00,sensor.exterior_humitat,65.0
2026-09-23T07:57:59.553690+00:00,sensor.exterior_humitat,62.0
2026-09-23T07:58:09.461471+00:00,sensor.exterior_humitat,59.0
2026-09-23T07:58:25.575874+00:00,sensor.exterior_humitat,57.0
2026-09-23T07:58:43.704833+00:00,sensor.exterior_humitat,56.0
2026-09-23T07:58:59.818614+00:00,sensor.exterior_humitat,54.0
2026-09-23T07:59:13.918374+00:00,sensor.exterior_humitat,53.0
2026-09-23T07:59:42.129793+00:00,sensor.exterior_humitat,52.0
2026-09-23T07:59:54.213283+00:00,sensor.exterior_humitat,51.0
2026-09-23T08:00:10.622970+00:00,sensor.exterior_humitat,50.0
2026-09-23T08:00:24.419260+00:00,sensor.exterior_humitat,52.0
2026-09-23T08:00:40.526514+00:00,sensor.exterior_humitat,51.0
2026-09-23T08:00:58.643388+00:00,sensor.exterior_humitat,50.0
2026-09-23T08:01:14.772753+00:00,sensor.exterior_humitat,49.0
2026-09-23T08:01:33.586684+00:00,sensor.exterior_humitat,50.0
2026-09-23T08:02:53.368249+00:00,sensor.exterior_humitat,51.0
2026-09-23T08:03:13.603358+00:00,sensor.exterior_humitat,52.0
2026-09-23T08:04:56.199196+00:00,sensor.exterior_humitat,53.0
2026-09-23T08:05:22.348644+00:00,sensor.exterior_humitat,52.0
2026-09-23T08:06:20.694662+00:00,sensor.exterior_humitat,54.0
2026-09-23T08:06:52.594575+00:00,sensor.exterior_humitat,53.0
2026-09-23T08:07:21.593258+00:00,sensor.exterior_humitat,54.0
2026-09-23T08:07:53.287133+00:00,sensor.exterior_humitat,53.0
2026-09-23T08:08:27.495456+00:00,sensor.exterior_humitat,54.0
2026-09-23T08:09:34.564589+00:00,sensor.exterior_humitat,56.0
2026-09-23T08:10:10.105690+00:00,sensor.exterior_humitat,57.0
2026-09-23T08:11:54.685704+00:00,sensor.exterior_humitat,58.0
2026-09-23T08:14:05.506799+00:00,sensor.exterior_humitat,57.0
2026-09-23T08:14:47.748198+00:00,sensor.exterior_humitat,58.0
2026-09-23T08:17:50.826565+00:00,sensor.exterior_humitat,57.0
2026-09-23T08:24:43.198818+00:00,sensor.exterior_humitat,56.0
2026-09-23T08:28:22.401953+00:00,sensor.exterior_humitat,55.0
2026-09-23T08:29:46.866758+00:00,sensor.exterior_humitat,58.0
2026-09-23T08:30:48.109106+00:00,sensor.exterior_humitat,61.0
2026-09-23T08:32:17.717038+00:00,sensor.exterior_humitat,63.0
2026-09-23T08:33:48.244306+00:00,sensor.exterior_humitat,65.0
2026-09-23T08:35:10.702905+00:00,sensor.exterior_humitat,66.0
2026-09-23T08:36:57.281181+00:00,sensor.exterior_humitat,67.0
2026-09-23T08:39:14.035702+00:00,sensor.exterior_humitat,68.0
2026-09-23T08:42:35.115259+00:00,sensor.exterior_humitat,67.0
2026-09-23T08:56:53.550900+00:00,sensor.exterior_humitat,66.0
2026-09-23T08:57:33.815846+00:00,sensor.exterior_humitat,67.0
2026-09-23T09:52:31.391533+00:00,sensor.exterior_humitat,69.0
2026-09-23T09:53:17.655509+00:00,sensor.exterior_humitat,70.0
2026-09-23T09:53:59.914126+00:00,sensor.exterior_humitat,71.0
2026-09-23T09:55:13.177025+00:00,sensor.exterior_humitat,72.0
2026-09-23T09:56:24.805012+00:00,sensor.exterior_humitat,73.0
2026-09-23T09:58:41.635680+00:00,sensor.exterior_humitat,74.0
2026-09-23T10:02:51.139540+00:00,sensor.exterior_humitat,73.0
2026-09-23T10:07:36.856231+00:00,sensor.exterior_humitat,72.0
2026-09-23T10:11:40.949300+00:00,sensor.exterior_humitat,71.0
2026-09-23T10:16:29.922010+00:00,sensor.exterior_humitat,70.0
2026-09-23T10:22:33.971536+00:00,sensor.exterior_humitat,69.0
2026-09-23T10:24:14.564895+00:00,sensor.exterior_humitat,73.0
2026-09-23T10:24:20.625370+00:00,sensor.exterior_humitat,70.0
2026-09-23T10:24:34.732304+00:00,sensor.exterior_humitat,68.0
2026-09-23T10:24:54.854993+00:00,sensor.exterior_humitat,67.0
2026-09-23T10:25:23.058489+00:00,sensor.exterior_humitat,66.0
2026-09-23T10:26:27.983808+00:00,sensor.exterior_humitat,65.0
2026-09-23T10:26:53.566568+00:00,sensor.exterior_humitat,64.0
2026-09-23T10:27:39.887752+00:00,sensor.exterior_humitat,63.0
2026-09-23T10:28:30.169191+00:00,sensor.exterior_humitat,62.0
2026-09-23T10:29:22.472308+00:00,sensor.exterior_humitat,61.0
2026-09-23T10:31:41.257163+00:00,sensor.exterior_humitat,60.0
2026-09-23T10:33:15.776654+00:00,sensor.exterior_humitat,59.0
2026-09-23T10:38:09.362524+00:00,sensor.exterior_humitat,58.0
2026-09-23T10:41:32.453480+00:00,sensor.exterior_humitat,56.0
2026-09-23T10:41:54.553800+00:00,sensor.exterior_humitat,57.0
2026-09-23T10:47:16.268074+00:00,sensor.exterior_humitat,55.0
2026-09-23T10:56:53.254969+00:00,sensor.exterior_humitat,54.0
2026-09-23T11:26:54.684189+00:00,sensor.exterior_humitat,53.0
2026-09-21T01:35:23.812153+00:00,input_boolean.mode_calibratge,off
2026-09-21T10:09:28.350820+00:00,input_boolean.mode_calibratge,on
